smiles,class,Seed_0
O=C(Cl)Cl,1,test
[C-]#[O+],1,train
CC(=O)O,1,train
ClCC(Br)CBr,1,train
C1=CC2C3C=CC(C3)C2C1,1,train
CC(C)Br,1,train
ClCCl,1,train
CCO,1,train
CCOCCOCC,1,test
Cc1ccccc1,1,train
CC(=O)CC(c1ccccc1)c1c(O)oc2ccccc2c1=O,1,train
CN1CCCC1=O,1,test
C=C(C)C(=O)OCC1CO1,1,train
O=c1oc2ccccc2c(O)c1C1CC(c2ccc(-c3ccc(Br)cc3)cc2)Cc2ccccc21,1,train
COC(C)COC(C)=O,1,train
CCCCCOC(=O)c1ccccc1C(=O)OCCCCC,1,train
O=[N+]([O-])c1cc([N+](=O)[O-])c(O)c([N+](=O)[O-])c1O,1,train
CCCCOC(=O)c1ccccc1C(=O)OCc1ccccc1,1,train
CCCCC(CC)COC(=O)c1ccccc1C(=O)OCC(CC)CCCC,1,train
CC(C)(C)c1ccc(C(=O)O)cc1,1,train
C#CCOc1cc(-n2nc(C(C)(C)C)oc2=O)c(Cl)cc1Cl,1,train
NCCN,1,train
Nc1nc[nH]n1,1,train
CC(=O)N1CCN(c2ccc(OCC3COC(Cn4ccnc4)(c4ccc(Cl)cc4Cl)O3)cc2)CC1,1,train
CC1CC(C)C(=O)C(C(O)CC2CC(=O)NC(=O)C2)C1,1,train
CC(=O)N(C)C,1,train
CN(C)C=O,1,train
c1c[nH]cn1,1,train
CCN1CCCC1=O,1,train
CCC,1,train
CCCC,1,train
CCCCC,1,train
CCC(CO)NCCNC(CC)CO,1,train
CC1(C)OC2CC3C4CC(F)C5=CC(=O)C=CC5(C)C4C(O)CC3(C)C2(C(=O)CO)O1,1,train
FC(F)OC(F)(F)C(F)Cl,1,train
CC1c2cccc(O)c2C(=O)C2=C(O)C3(O)C(O)=C(C(N)=O)C(=O)C(N(C)C)C3C(O)C21,1,train
CC(=O)OC1CCC2(C)C(=CCC3C2CCC2(C)C(C(C)=O)=CCC32)C1,1,train
CC1CC2C3CC(F)C4=CC(=O)C=CC4(C)C3C(O)CC2(C)C1C(=O)COC(=O)C(C)(C)C,1,train
CCCCc1oc2ccccc2c1C(=O)c1cc(I)c(OCCN(CC)CC)c(I)c1,1,train
C=CC(=O)OCC(COCC(COC(=O)C=C)(COC(=O)C=C)COC(=O)C=C)(COC(=O)C=C)COC(=O)C=C,1,train
OCC1CO1,1,train
CCCCCCCCCCCC(=O)O,1,train
CCCCC(=O)OC1CCC2C3CCc4cc(O)ccc4C3CCC12C,1,train
CCCCCC(=O)OC1(C(C)=O)CCC2C3CCC4=CC(=O)CCC4C3CCC21C,1,train
CCCCCC(O)C=CC1C(O)CC(=O)C1CC=CCCCC(=O)O,1,train
COc1ccc2[nH]cc(CCNC(C)=O)c2c1,1,train
COc1cccc2c1C(=O)c1c(O)c3c(c(O)c1C2=O)CC(O)(C(=O)CO)CC3OC1CC(N)C(O)C(C)O1,1,train
CCCCCC(=O)OCC(=O)C1(O)CCC2C3CCC4=CC(=O)CCC4(C)C3C(O)CC21C,1,test
O=C(O)CCCC1CCCCC1,1,test
NCC1OC(OC2C(N)CC(N)C(OC3OC(CO)C(O)C(N)C3O)C2O)C(O)C(O)C1O,1,train
Clc1ccc(C(c2ccccc2Cl)C(Cl)Cl)cc1,1,train
CN(C)c1ccc(O)c2c1CC1CC3C(N(C)C)C(=O)C(C(N)=O)=C(O)C3(O)C(=O)C1=C2O,1,train
COC(=O)C1C(OC(=O)c2ccccc2)CC2CCC1N2C,1,train
C#CC1(O)CCC2C3CCC4=CC(=O)CCC4(C)C3CCC21C,1,train
CC12C=CC(=O)C=C1CCC1C2C(O)CC2(C)C1CCC2(O)C(=O)COP(=O)(O)O,1,train
CC12CCC3c4ccc(O)cc4CCC3C1CCC2=O,1,train
CCCCCCC(=O)OCCN1CCN(CCCN2c3ccccc3Sc3ccc(C(F)(F)F)cc32)CC1,1,train
CCCCCCCCCC(=O)OCCN1CCN(CCCN2c3ccccc3Sc3ccc(C(F)(F)F)cc32)CC1,1,train
CC(=O)OC1CCC2C3CCC4CC(=O)C=C(C)C4(C)C3CCC12C,1,train
CCOC(=O)C(CCc1ccccc1)NC(C)C(=O)N1CCCC1C(=O)O,1,train
CC12C=CC(=O)C=C1CCC1C2CCC2(C)C(O)CCC12,1,test
Cc1nnc2n1-c1ccc(Cl)cc1C(c1ccccc1)=NC2,1,train
CCC(=C(CC)c1ccc(O)cc1)c1ccc(O)cc1,1,train
CC12CCC3c4ccc(OC(=O)c5ccccc5)cc4CCC3C1CCC2O,1,train
CC12C=CC(=O)C=C1CCC1C2C(=O)CC2(C)C1CCC2(O)C(=O)CO,1,train
CC(=O)OC1(C(C)=O)CCC2C3CCC4=CC(=O)CCC4(C)C3CCC21C,1,test
CCCCc1oc2ccc(NS(C)(=O)=O)cc2c1C(=O)c1ccc(OCCCN(CCCC)CCCC)cc1,1,train
CC(=O)OC1(C(C)=O)CCC2C3C=C(Cl)C4=CC(=O)CCC4(C)C3CCC21C,1,train
CC12CCC3C(CCC4=CC(=O)CCC43C)C1CCC2=O,1,train
COC(=O)C1C2CC3c4[nH]c5cc(OC)ccc5c4CCN3CC2CC(OC(=O)c2cc(OC)c(OC)c(OC)c2)C1OC,1,train
FC(F)OC(Cl)C(F)(F)F,1,train
Cc1cccc(C)c1O,1,train
O=c1[nH]c(=O)n(C2CCCO2)cc1F,1,train
C#CC1(O)CCC2C3CCC4=Cc5oncc5CC4(C)C3CCC21C,1,train
CCCCCC(=O)OCC(=O)C1(O)CCC2C3CCC4=CC(=O)C=CC4(C)C3C(O)CC21C,1,train
CCC(c1ccccc1)C(O)(c1ccccc1)c1ccc(OCCN(C)C)cc1,1,train
CCCC(CCC)C(=O)O,1,train
CC(=O)OCC(=O)C1CCC2C3CCC4=CC(=O)CCC4(C)C3CCC12C,1,train
CCCCCCCCCCCCCCCCCC(=O)O,1,train
O=C(O)CN(CCN(CC(=O)O)CC(=O)O)CCN(CC(=O)O)CC(=O)O,1,train
O=C(O)c1ccc(O)cc1O,1,test
CC(C)(S)C(N)C(=O)O,1,train
C#CC1(O)CCC2C3CCC4=CC(O)=C(C=O)CC4(C)C3CCC21C,1,test
CCCSc1ccc2[nH]c(NC(=O)OC)nc2c1,1,train
CC12C=CC(=O)C=C1CCC1C2CCC2(C)C1CCC2(C)O,1,train
Cc1ccncn1,1,train
CCC(=C(c1ccccc1)c1ccc(OCCN(C)C)cc1)c1ccccc1,1,train
CC1CC2C3CCC4=CC(=O)C=CC4(C)C3(F)C(O)CC2(C)C1(O)C(=O)COP(=O)(O)O,1,test
NC12CC3CC(CC(C3)C1)C2,1,train
Cc1ccc(NC(=O)c2ccc(CN3CCN(C)CC3)cc2)cc1Nc1nccc(-c2cccnc2)n1,1,train
CC12CCC3(O)C(CCC4=CC(=O)CCC43C)C1CCC2=O,1,train
CC1=C(CC(=O)O)c2cc(F)ccc2C1=Cc1ccc([S+](C)[O-])cc1,1,train
O=C(O)CC(O)(CC(=O)O)C(=O)O,1,train
Fc1ccc(C2CCNCC2COc2ccc3c(c2)OCO3)cc1,1,train
CC(C)NCC(O)COc1cccc2ccccc12,1,train
CC1CC2C3CCC4=CC(=O)C=CC4(C)C3C(=O)CC2(C)C1(O)C(=O)CO,1,train
CCNC(=O)C1CCCN1C(=O)C(CCCN=C(N)N)NC(=O)C(CC(C)C)NC(=O)C(COC(C)(C)C)NC(=O)C(Cc1ccc(O)cc1)NC(=O)C(CO)NC(=O)C(Cc1c[nH]c2ccccc12)NC(=O)C(Cc1c[nH]cn1)NC(=O)C1CCC(=O)N1,1,train
CC12C=CC(=O)C=C1CCC1C2CCC2(C)C(=O)CCC12,1,train
O=C1CCc2ccc(OCCCCN3CCN(c4cccc(Cl)c4Cl)CC3)cc2N1,1,test
O=C1CCC(N2C(=O)c3ccccc3C2=O)C(=O)N1,1,train
CC(=O)OC1(C(C)=O)CCC2C3CCC4=CC(=O)CCC4C3CCC21C,1,train
CCOC(O)C(F)(F)F,1,train
C#CC1(O)CCC2C3CCC4=CC(=O)CCC4C3CCC21CC,1,train
COCC(NC(C)=O)C(=O)NCc1ccccc1,1,train
CCN(CC)C(=O)C1C=C2c3cccc4[nH]cc(c34)CC2N(C)C1,1,train
O=C(O)c1cc(N=Nc2ccc(S(=O)(=O)Nc3ccccn3)cc2)ccc1O,1,train
CC12CCC(O)CC1CCC1C2CCC2(C)C1CCC2(C)O,1,train
CCCCC(=O)N(Cc1ccc(-c2ccccc2-c2nn[nH]n2)cc1)C(C(=O)O)C(C)C,1,train
CC(C=CC1=C(C)CCCC1(C)C)=CC=CC(C)=CC(=O)O,1,train
CCCCCOC(=O)Nc1nc(=O)n(C2OC(C)C(O)C2O)cc1F,1,train
CC(=O)CC(C)=O,1,train
CC(C)CC(NC(=O)CNC(=O)C(Cc1ccc(O)cc1)NC(=O)C(CO)NC(=O)C(Cc1c[nH]c2ccccc12)NC(=O)C(Cc1c[nH]cn1)NC(=O)C1CCC(=O)N1)C(=O)NC(CCCN=C(N)N)C(=O)N1CCCC1C(=O)NCC(N)=O,1,test
Cc1cnc(NC(=O)C2=C(O)c3ccccc3S(=O)(=O)N2C)s1,1,train
CN(C)CCCC1(c2ccc(F)cc2)OCc2cc(C#N)ccc21,1,train
O=P1(N(CCCl)CCCl)NCCCO1,1,train
CN=C(NC#N)NCCSCc1[nH]cnc1C,1,test
CCCCCCC(=O)OCC(=O)C1CCC2C3CCC4=CC(=O)CCC4(C)C3CCC12C,1,train
Nc1nc(S)c2[nH]cnc2n1,1,train
CCCCCCC(=O)OC1CCC2C3CCC4CC(=O)C=C(C)C4(C)C3CCC12C,1,train
CNNCc1ccc(C(=O)NC(C)C)cc1,1,train
CCN(CC)C(=S)S,1,test
CCC1(c2ccc(N)cc2)CCC(=O)NC1=O,1,train
O=C(O)O,1,train
O=C(O)C(O)C(O)C(=O)O,1,train
CCNC1CC(N)C(OC2OC(CN)=CCC2N)C(O)C1OC1OCC(C)(O)C(NC)C1O,1,train
Cc1nc2n(c(=O)c1CCN1CCC(c3noc4cc(F)ccc34)CC1)CCCC2,1,train
CCn1cc(C(=O)O)c(=O)c2cc(F)c(N3CCN(C)CC3)cc21,1,test
COC(C(=O)C(O)C(C)O)C1Cc2cc3cc(OC4CC(OC5CC(O)C(OC)C(C)O5)C(OC(C)=O)C(C)O4)c(C)c(O)c3c(O)c2C(=O)C1OC1CC(OC2CC(OC3CC(C)(O)C(OC(C)=O)C(C)O3)C(O)C(C)O2)C(O)C(C)O1,1,train
CC1CCCC(O)CCCCCc2cc(O)cc(O)c2C(=O)O1,1,train
ClC(Cl)Br,1,train
CN1CC(C(=O)NC2(C)OC3(O)C4CCCN4C(=O)C(Cc4ccccc4)N3C2=O)C=C2c3cccc4[nH]cc(c34)CC21,1,train
CC(=O)NC1C(OC2OC(CC(O)C3OC(n4ccc(=O)[nH]c4=O)C(O)C3O)C(O)C(O)C2NC(=O)C=CCC(C)C)OC(CO)C(O)C1O,1,train
O=P1(NCCCl)OCCCN1CCCl,1,train
CCC(=O)OC1CCC2C3CCc4cc(O)ccc4C3CCC12C,1,test
CNC1C(OC2OC(CO)C(N)C(O)C2O)OC2CC(N)C(OC3C(N)CC(N)C(O)C3O)OC2C1O,1,train
CCCCCC(=O)OC1(C(C)=O)CCC2C3CCC4=CC(=O)CCC4(C)C3CCC21C,1,train
CCC(C)(C)C(=O)OC1CC(C)C=C2C=CC(C)C(CCC3CC(O)CC(=O)O3)C21,1,train
CC(C)NCC(O)COc1ccc(CC(N)=O)cc1,1,train
CCCC(CCC)C(N)=O,1,train
CC12CCC3c4ccc(O)cc4CCC3C1CC(O)C2O,1,train
CN(Cc1cnc2nc(N)nc(N)c2n1)c1ccc(C(=O)NC(CCC(=O)O)C(=O)O)cc1,1,test
CC12CCC3c4ccc(O)cc4CCC3C1CCC2O,1,train
CC12CCC(=O)C=C1CCC1C2C(O)CC2(C)C1CCC2(O)C(=O)CO,1,train
CC12C=CC(=O)C=C1CCC1C2C(O)CC2(C)C1CCC2(O)C(=O)CO,1,train
CCCCC(=O)OCC(=O)C1C(C)CC2C3CC(F)C4=CC(=O)C=CC4(C)C3(F)C(O)CC21C,1,train
CC(=O)OC1CCC2C3CCC4CC(=O)CC(C)C4(C)C3CCC12C,1,train
COc1ccc2c(c1)c(CC(=O)O)c(C)n2C(=O)c1ccc(Cl)cc1,1,train
OCCO,1,train
O=c1[nH]c(=O)n(C2CC(O)C(CO)O2)cc1Br,1,train
CC1CC2C3CC(F)C4=CC(=O)C=CC4(C)C3C(O)CC2(C)C1C(=O)CO,1,train
CCC(=O)OC1(C(=O)CCl)C(C)CC2C3CCC4=CC(=O)C=CC4(C)C3(F)C(O)CC21C,1,train
CC1(C)OC2CC3C4CC(F)C5=CC(=O)C=CC5(C)C45OC5CC3(C)C2(C(=O)CO)O1,1,train
CC(=O)OCC(=O)C12N=C(C)OC1CC1C3CCC4=CC(=O)C=CC4(C)C3C(O)CC12C,1,train
CC12CCC(=O)C=C1C1CC1C1C2CCC2(C)C1C1CC1C21CCC(=O)O1,1,train
CC1=CC(=O)CC2CCC3C4CCC(O)C4(C)CCC3C12C,1,train
CS(=O)(=O)OCCCCOS(C)(=O)=O,1,train
Cn1cnc([N+](=O)[O-])c1Sc1[nH]cnc2ncnc1-2,1,train
CC(=O)OCC(=O)C1(O)CCC2C3CCC4=CC(=O)CCC4(C)C3C(O)CC21C,1,train
CCC(c1ccccc1)c1c(O)oc2ccccc2c1=O,1,train
CC12CCC3C(CCC4=CC(=O)CCC43CO)C1CCC2=O,1,train
O=[N+]([O-])c1cc([N+](=O)[O-])c(O)c([N+](=O)[O-])c1,1,train
CC1CC(=O)CC2CCC3C4CCC(O)C4(C)CCC3C12C,1,test
CC12CCC(=O)C=C1CCC1C2C(O)CC2(C)C1CCC2(O)C(=O)COC(=O)CCC(=O)O,1,train
CC(=O)OCC(=O)C1(O)C(C)CC2C3CCC4=CC(=O)C=CC4(C)C3(F)C(O)CC21C,1,train
CCC1(c2ccccc2)C(=O)NC(=O)NC1=O,1,train
COc1c(C)c2c(c(O)c1CC=C(C)CCC(=O)O)C(=O)OC2,1,train
CC(C)C(=O)Nc1ccc([N+](=O)[O-])c(C(F)(F)F)c1,1,train
COc1cc2c(c3oc(=O)c4c(c13)CCC4=O)C1(O)CCOC1O2,1,test
COC12C(COC(N)=O)C3=C(C(=O)C(C)=C(N)C3=O)N1CC1NC12,1,train
COc1ccc2cc(C(C)C(=O)O)ccc2c1,1,train
[2H]C(=O)N(C([2H])([2H])[2H])C([2H])([2H])[2H],1,train
CC12C=CC(=O)C=C1CCC1C2C(O)CC2(C)C1CCC2(O)C(=O)COC(=O)CCC(=O)O,1,train
CCC1(c2ccccc2)C(=O)NCNC1=O,1,train
O=C1NC(=O)C(c2ccccc2)(c2ccccc2)N1,1,train
Cc1cccc(C(C)c2c[nH]cn2)c1C,1,train
OCC(F)(F)F,1,train
CC(=O)C1CCC2C3C=CC4=CC(=O)CCC4(C)C3CCC12C,1,train
CC(=O)OC1CCC2C3CCC4CC(=O)CCC4(C)C3CCC12C,1,train
CC(=O)C1(O)CCC2C3CC(C)C4=CC(=O)CCC4(C)C3CCC21C,1,train
CC=C1CC2C=CC1C2,1,train
CC(=O)OCC(=O)C1(O)CCC2C3CC(C)C4=CC(=O)C=CC4(C)C3C(O)CC21C,1,train
CC=CCC(C)C(O)C1C(=O)NC(CC)C(=O)N(C)CC(=O)N(C)C(CC(C)C)C(=O)NC(C(C)C)C(=O)N(C)C(CC(C)C)C(=O)NC(C)C(=O)NC(C)C(=O)N(C)C(CC(C)C)C(=O)N(C)C(CC(C)C)C(=O)N(C)C(C(C)C)C(=O)N1C,1,train
OC(CCl)COc1cccc2ccccc12,1,train
CCCC(=O)Nc1ccc(O)c(C(C)=O)c1,1,train
CCCCCCC(=O)OC1(C(C)=O)CCC2C3CCC4=CC(=O)CCC4(C)C3CCC21C,1,train
CN1C(=O)CN=C(c2ccccc2)c2cc(Cl)ccc21,1,train
NCC1OC(OC2C(CO)OC(OC3C(O)C(N)CC(N)C3OC3OC(CN)C(O)C(O)C3N)C2O)C(N)C(O)C1O,1,train
CC12CCC3c4ccc(OS(=O)(=O)O)cc4CCC3C1CCC2=O,1,train
CC(=O)OC1(C(C)=O)CCC2C3C=C(C)C4=CC(=O)CCC4(C)C3CCC21C,1,train
C#CC1(O)CCC2C3CCc4cc(OC5CCCC5)ccc4C3CCC21C,1,train
CC(=O)C1CCC2C3CCC4=CC(=O)CCC4(C)C3CCC12C,1,test
CCCOc1ccc2c(c1)CCC1C2CCC2(C)C(OC)CCC12,1,train
CCCC1OC2CC3C4CCC5=CC(=O)C=CC5(C)C4C(O)CC3(C)C2(C(=O)CO)O1,1,train
CCN(CC)CCCC(C)Nc1ccnc2cc(Cl)ccc12,1,train
CCC(=O)OC1CCC2C3CCC4=CC(=O)CCC4(C)C3CCC12C,1,test
O=C(O)CCCc1ccc(N(CCCl)CCCl)cc1,1,train
CC1(C)OC2CC3C4CCC5=CC(=O)C=CC5(C)C4(F)C(O)CC3(C)C2(C(=O)CO)O1,1,train
CN1C(=O)OC(C)(C)C1=O,1,train
COc1ccc(C(CN(C)C)C2(O)CCCCC2)cc1,1,train
CNC1C(OC2C(OC3C(O)C(O)C(N=C(N)N)C(O)C3N=C(N)N)OC(C)C2(O)CO)OC(CO)C(O)C1O,1,train
CCC(=O)OCC=C(C)C=CC=C(C)C=CC1=C(C)CCCC1(C)C,1,train
CC(=O)OCC=C(C)C=CC=C(C)C=CC1=C(C)CCCC1(C)C,1,test
CNC(C)C1CCC(N)C(OC2C(N)CC(N)C(OC3OCC(C)(O)C(NC)C3O)C2O)O1,1,train
Nc1nc(O)c2c(CCc3ccc(C(=O)NC(CCC(=O)O)C(=O)O)cc3)c[nH]c2n1,1,train
Cc1nnc2n1-c1ccc(Cl)cc1C(c1ccccc1Cl)=NC2,1,train
CC(=O)OC1(C(C)=O)CCC2C3C=C(Cl)C4=CC(=O)C5CC5C4(C)C3CCC21C,1,train
CCCCCCCCCCCCCCCC(=O)OCC=C(C)C=CC=C(C)C=CC1=C(C)CCCC1(C)C,1,train
OCCN1CCN(CCCN2c3ccccc3Sc3ccc(C(F)(F)F)cc32)CC1,1,train
COc1cc(C2c3cc4c(cc3C(OC3OC5COC(C)OC5C(O)C3O)C3COC(=O)C23)OCO4)cc(OC)c1O,1,train
CC1CC2C3CCC4=CC(=O)C=CC4(C)C3(F)C(O)CC2(C)C1(O)C(=O)COC(=O)c1ccncc1,1,train
CC12CCC3C4CCC(=O)C=C4CCC3C1CCC2=O,1,train
CCCCCCC(=O)OC1CCC2C3CCc4cc(O)ccc4C3CCC12C,1,train
CCCC(NC(C)C(=O)N1C(C(=O)O)CC2CCCCC21)C(=O)OCC,1,train
CC(=O)Oc1ccccc1C(=O)O,1,train
CC(=O)CC(c1ccccc1)C1C(=O)Oc2ccccc2C1=O,1,train
CCCCCCC(=O)OC1CCC2C3CCC4=CC(=O)CCC4(C)C3CCC12C,1,train
Cc1c2oc3c(C)ccc(C(=O)NC4C(=O)NC(C(C)C)C(=O)N5CCCC5C(=O)N(C)CC(=O)N(C)C(C(C)C)C(=O)OC4C)c3nc-2c(C(=O)NC2C(=O)NC(C(C)C)C(=O)N3CCCC3C(=O)N(C)CC(=O)N(C)C(C(C)C)C(=O)OC2C)c(N)c1=O,1,train
O=C(O)c1ccccc1O,1,train
C#CC1(O)CCC2C3CCc4cc(O)ccc4C3CCC21C,1,train
N#CN,1,train
CCCCCCCCCCC(=O)OC1CCC2C3CCc4cc(O)ccc4C3CCC12C,1,train
CN(C)C(=O)N(C)C,1,train
C=CCCCOC(=O)C(CC)N(Cc1ccco1)C(=O)n1ccnc1,1,train
CCCCOC(=O)c1ccccc1C(=O)O,1,train
CCC(=O)Oc1ccc2c(c1)CCC1C2CCC2(C)C(OC(=O)CC)CCC12,1,train
C=C(C)C(=O)OCCOc1ccc(C(C)(C)c2ccc(OCCOC(=O)C(=C)C)cc2)cc1,1,train
NCCCCC(NC(CCc1ccccc1)C(=O)O)C(=O)N1CCCC1C(=O)O,1,train
OCC(O)CCl,1,test
C#CC1(O)C=CC2C3CCC4=CC(=O)CCC4C3CCC21CC,1,train
O=[N+]([O-])N1CN([N+](=O)[O-])CN([N+](=O)[O-])CN([N+](=O)[O-])C1,1,train
N#CS,1,train
COc1cc(OC)c2c(c1Cl)OC1(C2=O)C(C)CC(=O)CC1OC,1,test
CC1CC2C3CCC4=CC(=O)C=CC4(C)C3(Cl)C(O)CC2(C)C1(OC(=O)c1ccco1)C(=O)CCl,1,train
CC(=O)C1(O)CCC2C3CCC4=CC(=O)CCC4C3CCC21C,1,test
CC12C=CC(=O)C=C1CCC1C2C(O)CC2(C)C1CC(O)C2(O)C(=O)CO,1,train
C#CC1(O)CCC2C3CCC4=CC(=O)CCC4C3C(=C)CC21CC,1,train
NCC1(CC(=O)O)CCCCC1,1,train
CC(O)(CS(=O)(=O)c1ccc(F)cc1)C(=O)Nc1ccc(C#N)c(C(F)(F)F)c1,1,train
Sc1[nH]cnc2ncnc1-2,1,train
CCCc1nc(C(C)(C)O)c(C(=O)OCc2oc(=O)oc2C)n1Cc1ccc(-c2ccccc2-c2nn[nH]n2)cc1,1,train
CCCCCCCCCCCCCCCCCC(=O)OCC(=O)OCC(=O)C1(O)CCC2C3CCC4=CC(=O)C=CC4(C)C3C(O)CC21C,1,train
CN=C1CN(O)C(c2ccccc2)=c2cc(Cl)ccc2=N1,1,train
CCCCCC(=O)OCC(=O)C1C(C)CC2C3CC(F)C4=CC(=O)C=CC4(C)C3(Cl)C(O)CC21C,1,train
CC12C=CC3=C4CCC(=O)C=C4CCC3C1CCC2O,1,train
CC(=O)OCC(=O)C1(O)CCC2C3CCC4=CC(=O)C=CC4(C)C3C(O)CC21C,1,train
CC(=O)SC1CC2=CC(=O)CCC2(C)C2CCC3(C)C(CCC34CCC(=O)O4)C12,1,train
C#CC1(OC(C)=O)CCC2C3CCC4=CC(=O)CCC4C3CCC21C,1,train
CC(CS)C(=O)N1CCCC1C(=O)O,1,train
COc1ccc2c(c1)CCC1C2CCC2(C)C(=O)CCC12,1,train
CC(=O)OC1C(=O)C2(C)C(O)CC3OCC3(OC(C)=O)C2C(OC(=O)c2ccccc2)C2(O)CC(OC(=O)C(O)C(NC(=O)c3ccccc3)c3ccccc3)C(C)=C1C2(C)C,1,train
CC12CCC(=O)CC1CCC1C2CCC2(C)C1CCC2(C)O,1,train
CC12CCC(=O)C=C1CCC1C2CCC2(C)C(O)CCC12,1,train
NNC(=O)c1ccncc1,1,train
CCCCCCCCCCC(=O)OC1CCC2C3CCC4=CC(=O)CCC4(C)C3CCC12C,1,train
CCCCCCCCCC(=O)OC1CCC2C3CCC4=CC(=O)CCC4C3CCC12C,1,train
CC12CCC3C(=CCc4cc(O)ccc43)C1CCC2=O,1,train
CN1C(C(=O)Nc2ccccn2)=C(O)c2ccccc2S1(=O)=O,1,train
CC(=O)Nc1nnc(S(N)(=O)=O)s1,1,train
CCCCCCCC(=O)OCC(=O)C1(O)CCC2C3CCC4=CC(=O)CCC4(C)C3C(O)CC21C,1,train
ClCCNCCCl,1,train
C#CC1(O)CCC2C3CCc4cc(OC)ccc4C3CCC21C,1,train
CC12CCC3C(CCC4CC(=O)CCC43C)C1CCC2O,1,train
CCC(=O)OC1(C(=O)SCF)C(C)CC2C3CC(F)C4=CC(=O)C=CC4(C)C3(F)C(O)CC21C,1,train
BrCCOCCBr,1,train
C#CC1(OC(=O)CCCCCC)CCC2C3CCC4=CC(=O)CCC4C3CCC21C,1,test
CC12CCC3C4=C(CCC3C1CCC2O)CC(=O)CC4,1,train
OC(CCN1CCCCC1)(c1ccccc1)C1CCCCC1,1,train
CC(C=CC1=C(C)CCCC1(C)C)=CC=CC(C)=CCO,1,test
NC(=O)NO,1,train
CC12CCC(=O)C=C1CCC1C2CCC2(C)C(OC(=O)CCC3CCCC3)CCC12,1,train
CC1CC2C(C(O)CC3(C)C2CCC3(O)C(=O)CO)C2(C)C=CC(=O)C=C12,1,train
COc1cc(Cc2cnc(N)nc2N)cc(OC)c1OC,1,train
COC(=O)Nc1nc2cc(C(=O)c3cccs3)ccc2[nH]1,1,train
COc1cc2c(c3oc(=O)c4c(c13)CCC4=O)C1C=COC1O2,1,train
CCC(C)C(=O)OC1CCC=C2C=CC(C)C(CCC3CC(O)CC(=O)O3)C21,1,train
COC1=CC2=CCC3C4CCC(=O)C4(C)CCC3C2(C)CC1,1,train
COc1ccnc(C[S+]([O-])C2Nc3ccc(OC(F)F)cc3N2)c1OC,1,train
CC(=O)OC1(C(C)=O)CCC2C3CC(C)C4=CC(=O)CCC4(C)C3CCC21C,1,train
CC1CC2C3CC(F)C4=CC(=O)C=CC4(C)C3(Cl)C(O)CC2(C)C1C(=O)COC(=O)C(C)(C)C,1,train
CC12CCC3C4=C(CCC3C1CCC2=O)CC(=O)CC4,1,train
CCOC(=O)C=C(C)C=CC=C(C)C=Cc1c(C)cc(OC)c(C)c1C,1,train
Nc1nc(N)c2nc(CNc3ccc(C(=O)NC(CCC(=O)O)C(=O)O)cc3)cnc2n1,1,test
CCCCC(CC)C(=O)O,1,train
NC(Cc1ccc(N(CCCl)CCCl)cc1)C(=O)O,1,train
CCC(=O)C(CC(C)N(C)C)(c1ccccc1)c1ccccc1,1,train
NS(=O)(=O)c1cc(C(=O)O)c(NCc2ccco2)cc1Cl,1,train
COc1cc(C)c(C=CC(C)=CC=CC(C)=CC(=O)O)c(C)c1C,1,train
CC(=O)OC1(C(C)=O)CCC2C3C=C(C)C4=CC(=O)CCC4C3CCC21C,1,train
C=C1CC2C(CCC3(C)C2CCC3(OC(C)=O)C(C)=O)C2CCC(=O)C=C12,1,train
CC1(C)OC2CC3C4CCC5=CC(=O)C=CC5(C)C4(F)C(O)CC3(C)C2(C(=O)COP(=O)(O)O)O1,1,train
Cc1cc([N+](=O)[O-])cc([N+](=O)[O-])c1O,1,train
C#CC1(O)CCC2C3CCC4=CC(=O)CCC4C3CCC21C,1,train
CC12CCc3c(ccc4cc(OS(=O)(=O)O)ccc34)C1CCC2O,1,test
CCCCC(=O)OC1(C(=O)CO)C(C)CC2C3CCC4=CC(=O)C=CC4(C)C3(F)C(O)CC21C,1,test
C#Cc1cccc(Nc2ncnc3cc(OCCOC)c(OCCOC)cc23)c1,1,train
CC(C)(C)NC(=O)C1CCC2C3CCC4NC(=O)C=CC4(C)C3CCC12C,1,train
O=C1Nc2ccc(Cl)cc2C(C#CC2CC2)(C(F)(F)F)O1,1,train
COC1CC2CCC(C)C(O)(O2)C(=O)C(=O)N2CCCCC2C(=O)OC(C(C)CC2CCC(OCCO)C(OC)C2)CC(=O)C(C)C=C(C)C(O)C(OC)C(=O)C(C)CC(C)C=CC=CC=C1C,1,test
NC1CCCCC1N,1,train
COc1c(C)c2c(c(O)c1CC=C(C)CCC(=O)OCCN1CCOCC1)C(=O)OC2,1,train
CCOc1nc2cccc(C(=O)OC(C)OC(=O)OC3CCCCC3)c2n1Cc1ccc(-c2ccccc2-c2nn[nH]n2)cc1,1,train
CC(C)c1nc(N(C)S(C)(=O)=O)nc(-c2ccc(F)cc2)c1C=CC(O)CC(O)CC(=O)O,1,test
Nc1nc(O)c2ncn(COC(CO)CO)c2n1,1,train
OC(Cn1cncn1)(Cn1cncn1)c1ccc(F)cc1F,1,train
CC1=C2CC3C(CC=C4CC(O)CCC43C)C2CCC12OC1CC(C)CNC1C2C,1,train
c1ccc2c(c1)-c1nc-2nc2[nH]c(nc3nc([nH]c4nc(n1)-c1ccccc1-4)-c1ccccc1-3)c1ccccc21,1,test
CC(c1ncncc1F)C(O)(Cn1cncn1)c1ccc(F)cc1F,1,train
Cn1nnc2c(C(N)=O)ncn2c1=O,1,train
COc1cc(C2c3cc4c(cc3C(OC3OC5COC(C)OC5C(O)C3O)C3COC(=O)C23)OCO4)cc(OC)c1OP(=O)(O)O,1,train
CN1CC(C(=O)NC2(C)OC3(O)C4CCCN4C(=O)C(Cc4ccccc4)N3C2=O)CC2c3cccc4[nH]cc(c34)CC21,1,train
CCOC(=O)C(CCc1ccccc1)NC1CCc2ccccc2N(CC(=O)O)C1=O,1,train
CC(C)n1c(C=CC(O)CC(O)CC(=O)O)c(-c2ccc(F)cc2)c2ccccc21,1,train
Cn1c(CCCC(=O)O)nc2cc(N(CCCl)CCCl)ccc21,1,train
COC(=O)C1C2CCC(CC1OC(=O)c1ccccc1)N2,1,train
CCNC(=O)C1CCCN1C(=O)C(CCCN=C(N)N)NC(=O)C(NC(=O)C(NC(=O)C(Cc1ccc(O)cc1)NC(=O)C(CO)NC(=O)C(Cc1c[nH]c2ccccc12)NC(=O)C(Cc1c[nH]cn1)NC(=O)C1CCC(=O)N1)C(C)C)C(C)C,1,train
CC(=O)NC(Cc1ccc2ccccc2c1)C(=O)NC(Cc1ccc(Cl)cc1)C(=O)NC(Cc1cccnc1)C(=O)NC(CO)C(=O)NC(CCCCNC(=O)c1cccnc1)C(=O)NC(CCCCNC(=O)c1cccnc1)C(=O)NC(CC(C)C)C(=O)NC(CCCCNC(C)C)C(=O)N1CCCC1C(=O)NC(C)C(N)=O,1,train
CC(C)OC(=O)CCCC=CCC1C(O)CC(O)C1CCC(O)CCc1ccccc1,1,train
Cc1c2oc3c(C)c(O)c(N)c(C(=O)NC4C(=O)NC(C(C)C)C(=O)N5CCCC5C(=O)N(C)CC(=O)N(C)C(C(C)C)C(=O)OC4C)c3nc-2c(C(=O)NC2C(=O)NC(C(C)C)C(=O)N3CCCC3C(=O)N(C)CC(=O)N(C)C(C(C)C)C(=O)OC2C)cc1=N,1,train
CC(=O)Oc1ccc2c(c1)CCC1C2CCC2(C)C(=O)CCC12,1,train
CC(=O)N1CC=CC1C(=O)NC(Cc1ccc(F)cc1)C(=O)NC(Cc1c[nH]c2ccccc12)C(=O)NC(CO)C(=O)NC(Cc1ccc(O)cc1)C(=O)NC(Cc1c[nH]c2ccccc12)C(=O)NC(CC(C)C)C(=O)NC(CCCN=C(N)N)C(=O)N1CCCC1C(=O)NCC(N)=O,1,train
CC(C)CC(NC(=O)C(Cc1c[nH]c2ccccc12)NC(=O)CNC(=O)C(Cc1ccc(O)cc1)NC(=O)C(CO)NC(=O)C(Cc1c[nH]c2ccccc12)NC(=O)C(Cc1c[nH]cn1)NC(=O)C1CCC(=O)N1)C(=O)N1CCCC1C(=O)NCC(N)=O,1,train
CCNC(=O)C1CCCN1C(=O)C(CCCN=C(N)N)NC(=O)C(CC(C)C)NC(=O)C(Cc1cn(Cc2ccccc2)cn1)NC(=O)C(Cc1ccc(O)cc1)NC(=O)C(CO)NC(=O)C(Cc1c[nH]c2ccccc12)NC(=O)C(Cc1c[nH]cn1)NC(=O)C1CCC(=O)N1,1,train
CCCN1CC(CSC)CC2c3cccc4[nH]cc(c34)CC21,1,train
CCNC(=O)C1CCCN1C(=O)C(CCCN=C(N)N)NC(=O)C(CC(C)C)NC(=O)CNC(=O)C(Cc1ccc(O)cc1)NC(=O)C(CO)NC(=O)C(Cc1c[nH]c2ccccc12)NC(=O)C(Cc1c[nH]cn1)NC(=O)C1CCC(=O)N1,1,train
CC12CCC3c4ccc(OS(=O)(=O)O)cc4CCC3C1CCC2O,1,train
CC(C)CC(NC(=O)C(Cc1c[nH]c2ccccc12)NC(=O)C(Cc1ccc(O)cc1)NC(=O)C(CO)NC(=O)C(Cc1c[nH]c2ccccc12)NC(=O)C(Cc1c[nH]cn1)NC(=O)C1CCC(=O)N1)C(=O)NC(CCCN=C(N)N)C(=O)N1CCCC1C(=O)NCC(N)=O,1,train
CCNC(=O)C1CCCN1C(=O)C(CCCN=C(N)N)NC(=O)C(CC(C)C)NC(=O)C(Cc1c[nH]c2ccccc12)NC(=O)C(Cc1ccc(O)cc1)NC(=O)C(CO)NC(=O)C(Cc1c[nH]c2ccccc12)NC(=O)C(Cc1c[nH]cn1)NC(=O)C1CCC(=O)N1,1,train
Cc1cn(-c2cc(NC(=O)c3ccc(C)c(Nc4nccc(-c5cccnc5)n4)c3)cc(C(F)(F)F)c2)cn1,1,train
CCCCCC(C)(O)C=CC1C(O)CC(O)C1CC=CCCCC(=O)O,1,train
CCN(CC)CCNC(=O)c1c(C)[nH]c(C=C2C(=O)Nc3ccc(F)cc32)c1C,1,train
CCC1=CC2CN(C1)Cc1c([nH]c3ccccc13)C(C(=O)OC)(c1cc3c(cc1OC)N(C)C1C(O)(C(=O)OC)C(OC(C)=O)C4(CC)C=CCN5CCC31C54)C2,1,test
C#CC1(OC(C)=O)CCC2C3CCC4=CC(=NO)CCC4C3CCC21CC,1,test
CC(=O)Oc1ccc2c(c1)CCC1C2CCC2(C)C(O)CCC12,1,train
CC12CCC3=C4CCC(=O)C=C4CCC3C1CCC2(O)CC#N,1,train
CC12CCC(=O)C=C1CCC1C2=CCC2(C)C(=O)CCC12,1,train
O=C(c1ccc(OCCN2CCCCC2)cc1)c1c(-c2ccc(O)cc2)sc2cc(O)ccc12,1,train
CC(C)C(N)C(=O)OCC(CO)OCn1cnc2c(O)nc(N)nc21,1,test
CC12CCC3c4ccc(O)cc4C(=O)CC3C1CCC2O,1,train
CCOC(=O)C(CCc1ccccc1)NC(C)C(=O)N1C(C(=O)O)CC2CCCC21,1,train
CCNC(=O)CCCC=CCC1C(O)CC(O)C1C=CC(O)CCc1ccccc1,1,train
CCC(=C(c1ccccc1)c1ccc(OCCNC)cc1)c1ccccc1,1,train
FCOC(C(F)(F)F)C(F)(F)F,1,train
CC(C)CC(NC(=O)C(COC(C)(C)C)NC(=O)C(Cc1ccc(O)cc1)NC(=O)C(CO)NC(=O)C(Cc1c[nH]c2ccccc12)NC(=O)C(Cc1c[nH]cn1)NC(=O)C1CCC(=O)N1)C(=O)NC(CCCN=C(N)N)C(=O)N1CCCC1C(=O)NNC(N)=O,1,train
COC(c1ccccc1)(c1ccccc1)C(Oc1nc(C)cc(C)n1)C(=O)O,1,train
CCC(=O)OC1(C(=O)COC(C)=O)CCC2C3CC(C)C4=CC(=O)C=CC4(C)C3C(O)CC21C,1,train
CCC(=O)OC1(C(=O)COC(C)=O)CCC2C3CCC4=CC(=O)CCC4(C)C3C(O)CC21C,1,train
CC1CC2=CC(=O)CCC2C2CCC3(C)C(O)CCC3C12,1,train
CCCCC(C)(O)CC=CC1C(O)CC(=O)C1CCCCCCC(=O)OC,1,train
C=CC(=O)OC1CCC2C3CCC(C3)C12,1,train
N#Cc1ccc(C(c2ccc(C#N)cc2)n2cncn2)cc1,1,train
CCCCCCCCc1ccc(CCC(N)(CO)CO)cc1,1,train
C#CCC(Cc1cnc2nc(N)nc(N)c2n1)c1ccc(C(=O)NC(CCC(=O)O)C(=O)O)cc1,1,test
CCCCC(=O)OCC(=O)C1(O)Cc2c(O)c3c(c(O)c2C(OC2CC(NC(=O)C(F)(F)F)C(O)C(C)O2)C1)C(=O)c1c(OC)cccc1C3=O,1,train
O=C(CCCCCCC(=O)Nc1ccccc1)NO,1,train
O=[N+]([O-])c1c(O)cccc1O,1,train
COc1cccc2c1C(=O)c1c(O)c3c(c(O)c1C2=O)CC(O)(C(C)O)CC3OC1CC(N)C(O)C(C)O1,1,train
CN(C)c1cc(NC(=O)CNC(C)(C)C)c(O)c2c1CC1CC3C(N(C)C)C(=O)C(C(N)=O)=C(O)C3(O)C(=O)C1=C2O,1,train
CC(C)c1c(C(=O)Nc2ccccc2)c(-c2ccccc2)c(-c2ccc(F)cc2)n1CCC(O)CC(O)CC(=O)O,1,train
CCNC(=O)C1CCCN1C(=O)C(CCCN=C(N)N)NC(=O)C(CC(C)C)NC(=O)C(CC(C)C)NC(=O)C(Cc1ccc(O)cc1)NC(=O)C(CO)NC(=O)C(Cc1c[nH]c2ccccc12)NC(=O)C(Cc1c[nH]cn1)NC(=O)C1CCC(=O)N1,1,train
FC(F)OC(F)C(F)(F)F,1,train
CCNC(=O)C1CCCN1C(=O)C(CCCN=C(N)N)NC(=O)C(CC(C)C)NC(=O)C(C)NC(=O)C(Cc1ccc(O)cc1)NC(=O)C(CO)NC(=O)C(Cc1c[nH]c2ccccc12)NC(=O)C(Cc1c[nH]cn1)NC(=O)C1CCC(=O)N1,1,train
C=CNc1ccccc1CCC(NC(=O)C(CC(=O)C1CCC(=O)N1)Cc1c[nH]cn1)C(=O)NC(CO)C(=O)NC(Cc1ccc(O)cc1)C(=O)NC(CC1=CCc2ccccc21)C(=O)NC(CC(C)C)C(=O)NC(CCCN=C(N)N)C(=O)CN1CCCC1C(=O)NCC(N)=O,1,train
O=c1cccc2n1CC1CC2CN2CCCCC12,1,train
CC(=O)C1(O)CCC2C3C=C(Cl)C4=CC(=O)C5CC5C4(C)C3CCC21C,1,train
Nc1cccc2c1CN(C1CCC(=O)NC1=O)C2=O,1,train
CC(C)CC(NC(=O)CNC(=O)C(Cc1ccc(O)cc1)NC(=O)C(CO)NC(=O)C(Cc1c[nH]c2ccccc12)NC(=O)C(Cc1c[nH]cn1)NC(=O)C1CCC(=O)N1)C(=O)NC(CCC(N)=O)C(=O)N1CCCC1C(=O)NCC(N)=O,1,train
CC(=O)NC(Cc1c[nH]c2ccccc12)C(=O)NC(=O)C(C)NC(=O)C1CCCN1C(=O)C(CCCN=C(N)N)NC(=O)C(CC(C)C)NC(=O)C(CCCN=C(N)N)NC(=O)C(Cc1ccc(O)cc1)NC(=O)C(CO)NC(=O)C(Cc1c[nH]c2ccccc12)NC(=O)C(N)Cc1ccc(Cl)cc1,1,train
Cc1c(-c2ccc(O)cc2)n(Cc2ccc(OCCN3CCCCCC3)cc2)c2ccc(O)cc12,1,train
CCN(C(=O)C(Cc1c[nH]c2ccccc12)NC(=O)C(CCCN=C(N)N)NC(=O)C(Cc1ccc(O)cc1)NC(=O)C(CO)NC(=O)C(Cc1c[nH]c2ccccc12)NC(=O)C(Cc1c[nH]cn1)NC(=O)C1CCC(=O)N1)C(CC(C)C)C(=O)N1CCCC1C(N)=O,1,train
Cn1cnc([N+](=O)[O-])c1N,1,train
CCC(=O)NS(=O)(=O)c1ccc(-c2c(-c3ccccc3)noc2C)cc1,1,train
CCC(=O)OC1(C(=O)SC)C(C)CC2C3CC(F)C4=CC(=O)C=CC4(C)C3(F)C(O)CC21C,1,train
COc1ccc(C(=O)OC2CC3CCC(C2)N3)cc1OC,1,train
CON(C)C(=O)Nc1ccc(Cl)c(Cl)c1,1,train
CP(=O)(O)CCC(N)C(=O)O,1,train
O=P(OCCCl)(OCCCl)OCCCl,1,train
Cc1cc(C)cc(OP(=O)(Oc2cc(C)cc(C)c2)Oc2cc(C)cc(C)c2)c1,1,train
CCCCCCCCCc1ccc(OP(Oc2ccc(CCCCCCCCC)cc2)Oc2ccc(CCCCCCCCC)cc2)cc1,1,train
O=S1(=O)CCCC1,1,train
Cc1ccc(S(=O)(=O)O)cc1,1,train
O=C(O)c1ccccc1,1,train
CCCCCCCC(=O)O,1,train
CC(C)CCCCCC(=O)O,1,train
CC(C)(C)c1cc(C(=O)O)cc(C(C)(C)C)c1O,1,train
CCC(=O)O,1,train
CC(C)(C)CCCCCC(=O)O,1,train
Cc1ccc(C)cc1,1,test
CCCCCCC,1,train
Cc1cccc(C)c1,1,train
c1ccc2c(c1)cc1ccc3cccc4ccc2c1c34,1,train
C=Cc1ccccc1,1,train
ClCC(Cl)CCl,1,train
CCCBr,1,train
Brc1cc(Oc2cc(Br)c(Br)c(Br)c2Br)c(Br)c(Br)c1Br,1,train
COCCO,1,train
CCOCCO,1,train
CCCCOCC(C)O,1,train
COCCOC,1,train
OCC1CCCO1,1,train
CO,1,train
COC(C)CO,1,test
COCCOCCOC,1,train
COCCOCCOCCOC,1,train
NCCNCCO,1,train
Oc1ccc(O)cc1,1,train
CCC(=C(c1ccc(OCCN(C)C)cc1)c1cccc(O)c1)c1ccccc1,1,train
Oc1c(Cl)cc(Cl)c(Cl)c1Cl,1,train
Oc1ccccc1,1,train
C=Cc1cc(C=C)c(C=C)c(O)c1C=C,1,train
CC(C)(c1ccc(O)cc1)c1ccc(O)cc1,1,train
CCC(C)C(C)C(C)CCc1ccc(O)cc1,1,train
O=C1c2ccccc2C(=O)C1C(=O)C(c1ccccc1)c1ccc(Cl)cc1,1,train
CCC(C)CC(C)CC(C)CCc1ccc(O)cc1,1,train
C1COCO1,1,train
CCOCCOC(C)=O,1,train
O=c1oc2ccccc2c(O)c1C1CCCc2ccccc21,1,test
COCCOC(C)=O,1,train
CCOC(=O)C(=O)OCC,1,train
O=c1oc2ccccc2c(O)c1C1CC(c2ccc(-c3ccccc3)cc2)Cc2ccccc21,1,train
CCCCC(CC)COC(=O)CSCc1cc(C(C)(C)C)c(O)c(C(C)(C)C)c1,1,train
COCCOC(=O)c1ccccc1C(=O)OCCOC,1,train
CCCCOC(=O)C(C)Oc1ccc(Oc2ccc(C(F)(F)F)cn2)cc1,1,train
COCC(=O)O,1,train
C=CC1(C)OC(=O)N(c2cc(Cl)cc(Cl)c2)C1=O,1,train
CCCCOC(=O)c1ccccc1C(=O)OCCCC,1,train
CC(C)CCOC(=O)c1ccccc1C(=O)OCCC(C)C,1,train
O=c1oc2ccccc2c(O)c1C1CC(c2ccc(OCc3ccc(C(F)(F)F)cc3)cc2)Cc2ccccc21,1,train
CC(C)CCc1ccc(C(=O)O)c(C(=O)O)c1CCC(C)C,1,train
CC(C)COC(=O)c1ccccc1C(=O)OCC(C)C,1,test
CC(C)CCCCOC(=O)c1ccccc1C(=O)OCCCCC(C)C,1,train
O=S(=O)(O)C(F)(F)C(F)(F)C(F)(F)C(F)(F)C(F)(F)C(F)(F)C(F)(F)C(F)(F)F,1,train
CCCCCCOC(=O)c1ccccc1C(=O)OCCCCCC,1,train
O=C(O)C(F)(F)C(F)(F)C(F)(F)C(F)(F)C(F)(F)C(F)(F)C(F)(F)F,1,train
CC(C)CCCOC(=O)c1ccccc1C(=O)OCCCC(C)C,1,train
O=c1c(C(CC(O)c2ccc(-c3ccc(Br)cc3)cc2)c2ccccc2)c(O)oc2ccccc12,1,train
O=c1sc2ccccc2c(O)c1C1CC(c2ccc(-c3ccc(Br)cc3)cc2)Cc2ccccc21,1,test
O=C(O)C(F)(F)C(F)(F)C(F)(F)C(F)(F)C(F)(F)C(F)(F)C(F)(F)C(F)(F)F,1,train
O=C(O)C(F)(F)C(F)(F)C(F)(F)C(F)(F)C(F)(F)C(F)(F)C(F)(F)C(F)(F)C(F)(F)F,1,train
O=C(OC1CCCCC1)c1ccccc1C(=O)OC1CCCCC1,1,train
O=[N+]([O-])c1ccccc1,1,train
CCC(C)c1cc([N+](=O)[O-])cc([N+](=O)[O-])c1OC(=O)C=C(C)C,1,train
CC(C)(C)c1cc([N+](=O)[O-])cc([N+](=O)[O-])c1O,1,train
CC(=O)OC[N-][N+](C)=O,1,test
O=[N+]([O-])c1ccc(Oc2ccc(Cl)cc2Cl)cc1,1,train
CCC(C)c1cc([N+](=O)[O-])cc([N+](=O)[O-])c1O,1,train
CCCCN,1,train
NCCNCCN,1,train
C#CCOc1cc(-n2nc3n(c2=O)CCCC3)c(Cl)cc1Cl,1,test
CCCOCC(=Nc1ccc(Cl)cc1C(F)(F)F)n1ccnc1,1,train
S=C1NCCN1,1,train
CCCCCCCCCCCCCN1CC(C)OC(C)C1,1,train
CCCCNC(=O)n1c(NC(=O)OC)nc2ccccc21,1,train
COC(=O)Nc1nc2ccccc2[nH]1,1,train
C#CCN1C(=O)COc2cc(F)c(N3C(=O)C4=C(CCCC4)C3=O)cc21,1,train
CC1(C)CN=C(NN=C(C=Cc2ccc(C(F)(F)F)cc2)C=Cc2ccc(C(F)(F)F)cc2)NC1,1,train
CC1(C)CCC(=Cc2ccc(Cl)cc2)C1(O)Cn1cncn1,1,train
CC(C)(C)C(O)C(Oc1ccc(Cl)cc1)n1cncn1,1,train
N#CN=C1SCCN1Cc1ccc(Cl)nc1,1,train
Oc1cccc2cccnc12,1,train
NC=O,1,train
CNC=O,1,train
CNC(C)=O,1,train
CCNC(=O)C(C)OC(=O)Nc1ccccc1,1,train
CC(C1CC1)C(O)(Cn1cncn1)c1ccc(Cl)cc1,1,train
CNC1C(O)C(OC2C(N)CC(N)C(OC3OC(CN)=CCC3N)C2O)OCC1(C)O,1,train
CCCCCC(O)C=CC1C(O)CC(=O)C1CCCCCCC(=O)O,1,train
O=C(C(F)(F)F)C(F)(F)F,1,train
C#CC1(O)CCC2C3C(C)CC4=C(CCC(=O)C4)C3CCC21C,1,train
CN(N=O)C(N)=O,1,train
CC12CCC(=O)C=C1CCC1C2CCC2(C)C(OC(=O)CCc3ccccc3)CCC12,1,train
CC(C)CCC(=O)OC1CCC2C3CCC4=CC(=O)CCC4(C)C3CCC12C,1,train
CCCP(=O)(OC)OC,1,train
CC(C)(C(=O)O)c1ccc(C(O)CCCN2CCC(C(O)(c3ccccc3)c3ccccc3)CC2)cc1,1,train
NN=C(N)N,1,train
O=C(NC(CO)C(O)c1ccc([N+](=O)[O-])cc1)C(Cl)Cl,1,train
Nc1ncn(C2OC(CO)C(O)C2O)c(=O)n1,1,train
CCCCCC(O)C=CC1C(O)CC(O)C1CC=CCCCC(=O)O,1,train
CC(C)Cc1ccc(C(C)C(=O)O)cc1,1,train
CCC1(O)CC2CN(CCc3c([nH]c4ccccc34)C(C(=O)OC)(c3cc4c(cc3OC)N(C=O)C3C(O)(C(=O)OC)C(OC(C)=O)C5(CC)C=CCN6CCC43C65)C2)C1,1,train
NC(=O)c1ccc(N)nc1,1,train
CC(=O)c1cc2ccccc2s1,1,train
CCCCCCCCCCCCCCCCCC(=O)NCCNCCO,1,train
CCC1CCC(CCC(=O)O)C1,1,train
[2H]c1c([2H])c([2H])c([N+](=O)[O-])c([2H])c1[2H],1,train
COC12CCC3(CC1C(C)(O)C(C)(C)C)C1Cc4ccc(O)c5c4C3(CCN1CC1CC1)C2O5,1,train
N#CC(OC1OC(CO)C(O)C(O)C1O)c1ccccc1,1,train
CC(C)c1cccc(C(C)C)c1N=C=Nc1c(C(C)C)cccc1C(C)C,1,train
CNCC(O)c1ccc(O)c(O)c1,1,train
NCC(O)c1ccc(O)c(O)c1,1,train
C=CC(=O)NCNC(=O)C=C,1,train
Nc1ccn(C2OC(CO)C(O)C2(F)F)c(=O)n1,1,train
C=CC(=O)OCCOC,1,train
O=C(n1ccnc1)n1ccnc1,1,train
Nc1ncn(C2CC(O)C(CO)O2)c(=O)n1,1,train
CCCCCCCCCCN(CCCCCCCCCC)CCCCCCCCCC,1,train
CC12CCC3C4CCC(=O)C=C4CCC3C1CCC2OC(=O)CCc1ccccc1,1,train
CC1=C2C(=O)C3C(CC=C4CC(O)CCC43C)C2CCC12OC1CC(C)CNC1C2C,1,train
O=C1Nc2ccc(Cl)cc2C(c2ccccc2Cl)=NC1O,1,train
COC(C)(OC)N(C)C,1,train
CC(O)Cn1ccnc1,1,train
CC1CC2C3CCC4=CC(=O)C=CC4(C)C3(Cl)C(O)CC2(C)C1(O)C(=O)CO,1,train
CCC(C)C1NC(=O)C(Cc2ccc(O)cc2)NC(=O)C(N)CSSCC(C(=O)N2CCCC2C(=O)NC(CC(C)C)C(=O)NCC(N)=O)NC(=O)C(CC(N)=O)NC(=O)C(CCC(N)=O)NC1=O,1,train
CCCCCCCCCCCC(=O)OC1CCC2C3CCC4=CC(=O)CCC4C3CCC12C,1,train
Cc1ccc(C(C)(C)C)cc1,1,train
CC1(C)C(=CC=CC=CC=CC2=[N+](CCCCS(=O)(=O)O)c3ccc4ccccc4c3C2(C)C)N(CCCCS(=O)(=O)O)c2ccc3ccccc3c21,1,train
N#CCC(=O)O,1,train
OC[P+](CO)(CO)CO,1,train
CCCCCCCC[N+](C)(CCCCCCCC)CCCCCCCC,1,train
C1=CCC=C1,1,train
CC[n+]1cccc2ccccc21,1,train
CC(=O)OCC(=O)C1(O)C(OC(C)=O)CC2C3CCC4=CC(=O)C=CC4(C)C3(F)C(O)CC21C,1,train
CCCCC(CC)COC(=O)c1cccc(C(=O)OCC(CC)CCCC)c1,1,train
[2H]OC([2H])([2H])[2H],1,train
CNC(=O)c1cc(Oc2ccc(NC(=O)Nc3ccc(Cl)c(C(F)(F)F)c3)cc2)ccn1,1,train
CCCCC1C(=O)N(c2ccccc2)N(c2ccccc2)C1=O,1,train
CC12CCC3C4CCC(=O)C=C4CCC3C1CCC2OC(=O)CCC1CCCCC1,1,train
O=C(OOC(=O)c1ccc(Cl)cc1Cl)c1ccc(Cl)cc1Cl,1,train
CCCCc1nc(Cl)c(CO)n1Cc1ccc(-c2ccccc2-c2nn[nH]n2)cc1,1,train
CC12CCC3C(=CCc4cc(OS(=O)(=O)O)ccc43)C1CCC2=O,1,train
O=NN(CCCl)C(=O)NCCCl,1,train
O=C(O)CO,1,train
CC1=NS(=O)(=O)c2cc(Cl)ccc2N1,1,train
Cc1cc(-c2ccc(N=Nc3c(S(=O)(=O)O)cc4cc(S(=O)(=O)O)cc(N)c4c3O)c(C)c2)ccc1N=Nc1c(S(=O)(=O)O)cc2cc(S(=O)(=O)O)cc(N)c2c1O,1,train
CC(=O)NO,1,train
C=C(C)C(=O)OCC(O)CCl,1,train
CCN(CC)C(C)C(=O)c1ccccc1,1,train
CC1=CC=C(C(C)C)CC1,1,train
COc1c2occc2cc2ccc(=O)oc12,1,train
O=C(O)CCCC=CCC1C(O)CC(O)C1C=CC(O)COc1cccc(Cl)c1,1,train
O=C(CCCN1CCC(O)(c2ccc(Cl)cc2)CC1)c1ccc(F)cc1,1,train
C(=Cc1ccccc1)CN1CCN(C(c2ccccc2)c2ccccc2)CC1,1,train
C=CN1CCCC1=O,1,test
NC(=O)N1c2ccccc2C=Cc2ccccc21,1,train
CC(=O)OC1(C(C)=O)CCC2C3CCC4=CC(=O)CCC4(C)C3(F)C(O)CC21C,1,train
Cc1ncc(CO)c(CO)c1O,1,train
C#CC1(O)CCC2C3CCC4=CCCCC4C3CCC21C,1,train
CC(C(=O)O)c1ccc(-c2ccccc2)c(F)c1,1,test
CC12CCC3C(=CCc4cc(OS(=O)(=O)O)ccc43)C1CCC2O,1,train
O=C(NCC1CCCCN1)c1cc(OCC(F)(F)F)ccc1OCC(F)(F)F,1,train
CC(NCCc1ccc(O)cc1)C(O)c1ccc(O)cc1,1,train
CCN(CC)CCOc1ccc(C(=C(Cl)c2ccccc2)c2ccccc2)cc1,1,train
CC(=O)C1(O)Cc2c(O)c3c(c(O)c2C(OC2CC(N)C(O)C(C)O2)C1)C(=O)c1ccccc1C3=O,1,train
CC(C)CCCCCOC(=O)c1ccccc1C(=O)OCCCCCC(C)C,1,train
CN1C(=O)C(O)N=C(c2ccccc2Cl)c2cc(Cl)ccc21,1,train
C=CCC1(O)CCC2C3CCC4=CC(=O)CCC4=C3C=CC21C,1,train
CC(C#N)NC=O,1,train
C=CNC=O,1,test
CCCCCCCCCCCCCCCCCC1=NCCN1CCO,1,test
C=C(C)C(=O)OCC(CC)(COC(=O)C(=C)C)COC(=O)C(=C)C,1,train
Cc1cc(NS(=O)(=O)c2ccc(N)cc2)no1,1,train
CN1CCC23CCCCC2C1Cc1ccc(O)cc13,1,train
OCCOCCN1CCN(C(c2ccccc2)c2ccc(Cl)cc2)CC1,1,train
Cc1ccc(C=O)o1,1,train
COCCc1ccc(OCC(O)CNC(C)C)cc1,1,train
O=S(=O)(F)C(F)(F)C(F)(F)C(F)(F)C(F)(F)C(F)(F)C(F)(F)C(F)(F)C(F)(F)F,1,train
COc1cc2c(c3oc(=O)c4c(c13)CCC4O)C1C=COC1O2,1,train
Nc1ccn(C2OC(CO)C(O)C2O)c(=O)n1,1,train
COc1cccc2c1C(=O)c1c(O)c3c(c(O)c1C2=O)CC(O)(C(C)=O)CC3OC1CC(N)C(O)C(C)O1,1,train
CC(CC(C#N)(c1ccccc1)c1ccccc1)N(C)C,1,train
O=P1(N(CCCl)CCCl)OCCCN1CCCl,1,train
CC(=O)Oc1c([N+](=O)[O-])cc([N+](=O)[O-])cc1C(C)(C)C,1,train
C#CC1(O)CCC2C3CCC4=CCCCC4C3C(=C)CC21CC,1,train
NS(=O)(=O)c1cc(C2(O)NC(=O)c3ccccc32)ccc1Cl,1,train
CCCCCCCCCC(CCCCCCCC(=O)O)S(=O)(=O)O,1,test
C=C(C)C(=O)OCC1CCCO1,1,train
CCC(=O)Oc1ccc(C(CC)=C(CC)c2ccc(OC(=O)CC)cc2)cc1,1,train
CCCCCCCCCCCC(=O)NCCNCCO,1,train
CCC(C)C(=O)OC1CC(C)C=C2C=CC(C)C(CCC3CC(O)CC(=O)O3)C21,1,train
Nc1ccc(-c2nc3cc(N)ccc3[nH]2)cc1,1,train
NCC1OC(OC2C(N)CC(N)C(OC3OC(CO)C(O)C(N)C3O)C2O)C(N)CC1O,1,train
CCC(C)C1OC2(CCC1C)CC1CC(CC=C(C)C(OC3CC(OC)C(OC4CC(OC)C(O)C(C)O4)C(C)O3)C(C)C=CC=C3COC4C(O)C(C)=CC(C(=O)O1)C34O)O2,1,train
CCCCCCCCCN(CCCCCCCCC)CCCCCCCCC,1,train
COc1ccc(C2Sc3ccccc3N(CCN(C)C)C(=O)C2OC(C)=O)cc1,1,train
CC12CCC3C4CCCC=C4CCC3C1CCC2=O,1,test
CC1CC2C3CCC4=CC(=O)C=CC4(C)C3(F)C(O)CC2(C)C1(O)C(=O)CCl,1,train
O=C1c2c(O)ccc(O)c2C(=O)c2c(NCCNCCO)ccc(NCCNCCO)c21,1,train
CC1CC2C(C(O)CC3(C)C2CCC3(O)C(=O)COC(=O)CCC(=O)O)C2(C)C=CC(=O)C=C12,1,train
CCCC(=O)OC1(C(=O)CCl)C(C)CC2C3CCC4=CC(=O)C=CC4(C)C3(F)C(=O)CC21C,1,train
CCC(C)C1NC(=O)C(NC(=O)c2c3nc4c(C(=O)NC5C(=O)NC(C(C)C)C(=O)N6CCCC6C(=O)N(C)CC(=O)N(C)C(C(C)C)C(=O)OC5C)ccc(C)c4oc-3c(C)c(=O)c2N)C(C)OC(=O)C(C(C)C)N(C)C(=O)CN(C)C(=O)C2CCCN2C1=O,1,train
CC1CC2C3CCC4=CC(=O)C=CC4(C)C3(F)C(O)CC2(C)C1(O)C(=O)CO,1,test
CC(=O)OC1CCC2(C)C(=CCC3C4CCC(=O)C4(C)CCC32)C1,1,train
CC12CCC3c4ccc(OC(=O)N(CCCl)CCCl)cc4CCC3C1CCC2OP(=O)(O)O,1,train
O=NN(CCCl)C(=O)NC1CCCCC1,1,train
CS(=O)(=O)NC(=O)CCCC=CCC1C(=O)CC(O)C1C=CC(O)COc1ccccc1,1,train
CC(CSC(=O)c1ccccc1)C(=O)O,1,train
CC(=O)OC1(C(=O)CO)C(C)CC2C3CC(F)C4=CC(=O)C=CC4(C)C3(F)C(O)CC21C,1,train
C=C(C)c1cccc(C(=C)C)c1,1,train
CCN(CC)CCOc1ccc(C(=Cc2ccccc2)c2ccccc2)cc1,1,train
CCCCCCCCCCCCc1ccc(OP(=S)(S)Oc2ccc(CCCCCCCCCCCC)cc2)cc1,1,train
CCc1c2c(nc3ccc(OC(=O)N4CCC(N5CCCCC5)CC4)cc13)-c1cc3c(c(=O)n1C2)COC(=O)C3(O)CC,1,train
CCCC1CC(C(=O)NC(C(C)Cl)C2OC(SC)C(O)C(O)C2O)N(C)C1,1,train
Cc1cc(O)cc(C)c1O,1,train
CC12CCC3C(CC=C4CC(O)CCC43C)C1CCC2=O,1,test
NCCC(O)C(=O)NC1CC(N)C(OC2OC(CN)C(O)C(O)C2O)C(O)C1OC1OC(CO)C(O)C(N)C1O,1,train
CN(CCCl)CCCl,1,train
CCCCCCCC1=NCCN1CCO,1,train
O=C(O)CCCC=CCC1C(O)CC(O)C1C=CC1(COc2ccccc2)OCCO1,1,train
CC(=Cc1csc(C)n1)C1CC2OC2(C)CCCC(C)C(O)C(C)C(=O)C(C)(C)C(O)CC(=O)O1,1,train
CN(C)CCc1c[nH]c2ccc(Cn3cncn3)cc12,1,train
CCCCCCCCCC(=O)OC1CCC2C3CCC4=CC(=O)CCC4(C)C3CCC12C,1,train
O=C(O)Cc1ccccc1Nc1c(Cl)cccc1Cl,1,train
CC(=O)OCC(=O)C1(OC(C)=O)C(C)CC2C3CC(F)C4=CC(=O)C=CC4(C)C3(F)C(O)CC21C,1,train
CC(=O)CC(c1ccc([N+](=O)[O-])cc1)c1c(O)oc2ccccc2c1=O,1,test
CC(CN=Cc1ccccc1O)N=Cc1ccccc1O,1,train
NCCCn1ccnc1,1,train
NS(=O)(=O)c1cc2c(cc1Cl)NCNS2(=O)=O,1,train
CC12COC(=O)CC1CCC1C2CCC2(C)C1CCC2(C)O,1,train
CCCCC1=NC2(CCCC2)C(=O)N1Cc1ccc(-c2ccccc2-c2nn[nH]n2)cc1,1,test
CN(C)Cc1ccccc1O,1,train
CC(C)(C)NCC(O)COc1nsnc1N1CCOCC1,1,train
CCCCCCCCC=CCCCCCCCC(=O)O,1,train
Cc1cc(-c2ccc(N=Nc3ccc4c(S(=O)(=O)O)cc(S(=O)(=O)O)c(N)c4c3O)c(C)c2)ccc1N=Nc1ccc2c(S(=O)(=O)O)cc(S(=O)(=O)O)c(N)c2c1O,1,train
Cc1ccc(OP(=O)(Oc2ccc(C)cc2)Oc2ccc(C)cc2)cc1,1,train
CC(C=CC=C(C)C=CC1=C(C)CCCC1(C)C)=CC=O,1,train
CCC1(O)C(=O)OCc2c1cc1n(c2=O)Cc2cc3c(CN(C)C)c(O)ccc3nc2-1,1,train
C=C1CCC(O)CC1=CC=C1CCCC2(C)C1CCC2C(C)CCCC(C)(C)O,1,train
CCC(C(N)=O)N1CCCC1=O,1,train
COc1ccc(CCN(C)CCCC(C#N)(c2ccc(OC)c(OC)c2)C(C)C)cc1OC,1,train
CS(=O)(=O)c1ccc2c(c1)Nc1ccccc1S2,1,train
NCC1OC(OC2C(N)CC(N)C(O)C2OC2OC(CO)C(O)C2O)C(N)C(O)C1O,1,test
Cc1c(N)nc(C(CC(N)=O)NCC(N)C(N)=O)nc1C(=O)NC(C(=O)NC(C)C(O)C(C)C(=O)NC(C(=O)NCCc1nc(-c2nc(C(=O)NCCC[S+](C)C)cs2)cs1)C(C)O)C(OC1OC(CO)C(O)C(O)C1OC1OC(CO)C(O)C(OC(N)=O)C1O)c1c[nH]cn1,1,test
CC(C=O)Cc1cccc(C(C)(C)C)c1,1,train
O=CNCO,1,test
CC12CCC3c4ccc(O)cc4CCC3C1CCC2OC(=O)CCc1ccccc1,1,test
CN1CCN(C(=O)OC2c3nccnc3C(=O)N2c2ccc(Cl)cn2)CC1,1,train
CCC#N,1,train
C#CC1(OC(=O)CCC)CCC2C3CCC4=CC(=O)CCC4C3CCC21CC,1,train
C=Cn1ccnc1,1,train
Nc1nc(Cl)c2[nH]cnc2n1,1,train
CCCCCCCCN(CCCCCCCC)CCCCCCCC,1,train
CCCC(C)C(CCC)C(C)Cc1ccc(OP(=S)(S)Oc2ccc(CC(C)C(CCC)C(C)CCC)cc2)cc1,1,train
CC(CO)Cc1ccc(C(C)(C)C)cc1,1,test
CC(=O)OC1(C(C)=O)CCC2C3CCC4=CC(=O)CCC4C3C(C)CC21C,1,train
CC12CCC3c4ccc(O)cc4CCC3C1CCC2OC(=O)CCC1CCCC1,1,train
NCCCC(N)CC(=O)NCC1NC(=O)C(CO)NC(=O)C(N)CNC(=O)C(C2CCN=C(N)N2)NC(=O)C(=CNC(N)=O)NC1=O,1,train
CC(=O)OC1CCC2C3CCC4=CC(=O)CCC4=C3C=CC12C,1,train
COc1ncnc(NS(=O)(=O)c2ccc(N)cc2)c1OC,1,train
CC(C)NCC(O)COc1ccc(COCCOC(C)C)cc1,1,train
CC12C=CCC1C1CCC3CC(=O)CCC3(C)C1CC2,1,train
Nc1nc(F)nc2c1ncn2C1OC(COP(=O)(O)O)C(O)C1O,1,train
Cc1oncc1C(=O)Nc1ccc(C(F)(F)F)cc1,1,test
CCN=c1cc2oc3cc(NCC)c(C)cc3c(-c3ccccc3C(=O)OCC)c-2cc1C,1,test
CCC(C)c1cc([N+](=O)[O-])cc([N+](=O)[O-])c1OC(C)=O,1,train
CN(C)C1C(=O)C(C(N)=O)=C(O)C2(O)C(O)=C3C(=O)c4c(O)cccc4C(C)(O)C3C(O)C12,1,train
NCC(CC(=O)O)c1ccc(Cl)cc1,1,train
CCC1OC2(C(C)=O)CCC3(O1)C1CCC4=CC(=O)CCC4(C)C1CCC23C,1,train
Oc1[nH]cnc2nncc1-2,1,train
OCCN1C=NCC1,1,train
c1ncncn1,1,train
O=C(Cl)N(CCCl)CCCl,1,train
CCOC(=O)OC1(C(=O)COC(=O)CC)CCC2C3CCC4=CC(=O)C=CC4(C)C3C(O)CC21C,1,test
CC12CCC3c4ccc(OC(=O)N(CCCl)CCCl)cc4CCC3C1CCC2O,1,train
NS(=O)(=O)c1cc2c(cc1C(F)(F)F)NC(Cc1ccccc1)NS2(=O)=O,1,train
Cc1cc2c(s1)Nc1ccccc1N=C2N1CCN(C)CC1,1,test
CCOC(=O)CCC(NC(=O)c1ccc(N(C)Cc2cnc3nc(N)nc(N)c3n2)cc1)C(=O)OCC,1,test
Oc1nc2ccccc2n1CCCN1CCC(n2c(O)nc3cc(Cl)ccc32)CC1,1,train
CN(C)C1C(=O)C(C(N)=O)=C(O)C2(O)C(O)=C3C(=O)c4c(O)ccc(Cl)c4C(C)(O)C3CC12,1,train
Nc1ccc(O)cc1Cl,1,train
COCCOCCOCCOCCOC,1,train
CC12CCC3C4CCC(=O)C=C4CCC3C1CCC2OS(=O)(=O)O,1,train
CCC(=O)OCC(=O)C1(OC(=O)CC)C(C)CC2C3CCC4=CC(=O)C=CC4(C)C3(F)C(O)CC21C,1,train
Cc1ncc[nH]1,1,train
CCN(N=O)C(N)=O,1,train
CC1CC2C3CC(F)C4=CC(=O)C=CC4(C)C3(F)C(O)CC2(C)C1(O)C(=O)CO,1,train
O=C(O)C=CC(=O)O,1,train
C=CCC#N,1,train
CCCCC(CC)COC(=O)Nc1ccc(C)c(NC(=O)OCCN(C)C)c1,1,train
CC1CC2=CC(=O)CCC2C2CCC3(C)C(CCC3(C)O)C12,1,train
CCC(CO)NC(=O)C1C=C2c3cccc4[nH]cc(c34)CC2N(C)C1,1,train
COP(OC)OC,1,train
COc1ccc2c3c1OC1C(O)C=CC4C(C2)N(C)CCC341,1,train
CCCCCCCCC=CCCCCCCCC1=NCCN1CCO,1,train
COCC(=O)Nc1cc(Sc2ccccc2)ccc1N=C(NC(=O)OC)NC(=O)OC,1,train
CC1CC2C3CCC4=CC(=O)C=CC4(C)C3(F)C(O)CC2(C)C1(O)C(=O)COC(=O)CC(C)(C)C,1,train
S=P(N1CC1)(N1CC1)N1CC1,1,train
CN(C)CCOC(c1ccccc1)c1ccccc1,1,test
CC(=O)C1(O)CCC2C3CCC4=CC(=O)CCC4(C)C3CCC21C,1,train
COC(=O)c1ccccc1O,1,train
CC#CC1(O)CCC2C3CCC4=CC(=O)CCC4=C3C(c3ccc(N(C)C)cc3)CC21C,1,train
Clc1ccsc1,1,train
CNC1C(OC2C(OC3C(O)C(O)C(N=C(N)N)C(O)C3N=C(N)N)OC(C)C2(O)C=O)OC(CO)C(O)C1O,1,train
NC(Cc1ccc(O)c(O)c1)C(=O)O,1,train
CCC1(c2ccccc2)C(=O)NC(=O)N(C)C1=O,1,train
CS(=O)(=O)Nc1ccc([N+](=O)[O-])cc1Oc1ccccc1,1,train
CC12CC1(C)C(=O)N(c1cc(Cl)cc(Cl)c1)C2=O,1,train
CCOCCOCCO,1,train
FC(F)(F)C(Cl)Br,1,train
CC(=O)OC12COC1CC(O)C1(C)C(=O)C(O)C3=C(C)C(OC(=O)C(O)C(NC(=O)OC(C)(C)C)c4ccccc4)CC(O)(C(OC(=O)c4ccccc4)C21)C3(C)C,1,train
CC12CCC3C(CC=C4CC(OS(=O)(=O)O)CCC43C)C1CCC2=O,1,train
CCCCCCCCCCCCCCCCCCOP1OCC2(CO1)COP(OCCCCCCCCCCCCCCCCCC)OC2,1,train
CCCCC(C)(C)C(O)C=CC1C(O)CC(=O)C1CCCCC=CC(=O)OC,1,train
CCCCCCCCCCCCc1ccc(O)cc1,1,train
CC1(C)OC2COC3(COS(N)(=O)=O)OC(C)(C)OC3C2O1,1,train
CC(C)(C#N)c1cc(Cn2cncn2)cc(C(C)(C)C#N)c1,1,train
C[N+](C)(C)CCO,1,train
CC(C)CCCCCCCOP(OCCCCCCCC(C)C)OCCCCCCCC(C)C,1,train
CC1(O)CCC2C3CCC4=CC(=O)CCC4C3CCC21C,1,train
CC12CCC3C(CCC4CC(O)CCC43C)C1CCC2=O,1,train
Nc1ccc(N=Nc2ccc(N)c3cc(S(=O)(=O)O)ccc23)cc1,1,test
O=C(O)c1nn(Cc2ccc(Cl)cc2Cl)c2ccccc12,1,train
Sc1nc2ccccc2[nH]1,1,train
C#CC1(OC(C)=O)CCC2C3CCC4=CC(OC(C)=O)CCC4C3CCC21C,1,train
C#CC1(O)CCC2C3CCC4=C(CCC(=O)C4)C3CCC21C,1,train
CNS(=O)(=O)Cc1ccc2[nH]cc(CCN(C)C)c2c1,1,train
O=[P+](Oc1ccccc1)Oc1ccccc1,1,train
CCC1(O)CCC2C3CCC4=CCCCC4C3CCC21C,1,train
CC12CCC(=O)C=C1CCC1C2CCC2(C)C1CCC2(C)O,1,train
CC1CC2C3CCC4=CC(=O)C=CC4(C)C3(F)C(O)CC2(C)C1(O)C(=O)COC(=O)CCc1ccccc1,1,train
Oc1ncc(F)c(O)n1,1,test
C=CC(=O)OCC1CCCO1,1,train
CC1OC(n2cc(F)c(=O)[nH]c2=O)C(O)C1O,1,train
NC(=O)C1CCCN1C(=O)C(Cc1c[nH]cn1)NC(=O)C1CCC(=O)N1,1,train
CC(C=O)Cc1ccc(C(C)(C)C)cc1,1,train
CCC(=O)OC1(C(=O)CO)C(C)CC2C3CCC4=CC(=O)C=CC4(C)C3(F)C(O)CC21C,1,test
O=[N+]([O-])c1cccc2c[nH]nc12,1,train
CC(O)C#N,1,train
COc1ccc(C=O)cc1,1,train
CCC(OC)OC(C)=O,1,train
CCc1nc(N)nc(N)c1-c1ccc(Cl)cc1,1,train
Clc1ccc(C(Cn2ccnc2)OCc2ccsc2Cl)c(Cl)c1,1,train
CC1CC2C3CCC4=CC(=O)C=CC4(C)C3(F)C(O)CC2(C)C1(OC(=O)c1ccccc1)C(=O)CO,1,train
COCCOC(=O)CC(C)=O,1,train
Brc1c(Br)c(Br)c(Oc2c(Br)c(Br)c(Br)c(Br)c2Br)c(Br)c1Br,1,train
CCC(=O)OCC(=O)C1(OC(=O)CC)C(C)CC2C3CCC4=CC(=O)C=CC4(C)C3(Cl)C(O)CC21C,1,train
CCC1(O)CC2CN(CCc3c([nH]c4ccccc34)C(C(=O)OC)(c3cc4c(cc3OC)N(C)C3C(O)(C(=O)OC)C(OC(C)=O)C5(CC)C=CCN6CCC43C65)C2)C1,1,test
CC12CCC(CC1=O)C2(C)C,1,train
OCCOCCN1CCN(C2=Nc3ccccc3Sc3ccccc32)CC1,1,test
CCC(C)C1OC2(C=CC1C)CC1CC(CC=C(C)C(OC3CC(OC)C(OC4CC(OC)C(O)C(C)O4)C(C)O3)C(C)C=CC=C3COC4C(O)C(C)=CC(C(=O)O1)C34O)O2,1,train
CC(=O)OC1CCC2(C)C(=CCC3C2CCC2(C)C(c4cccnc4)=CCC32)C1,1,train
COc1ccccc1Oc1c(NS(=O)(=O)c2ccc(C(C)(C)C)cc2)nc(-c2ncccn2)nc1OCCO,1,train
O=C(O)COCCN1CCN(C(c2ccccc2)c2ccc(Cl)cc2)CC1,1,train
Cc1ccc(C[N+](C)(C)C)o1,1,train
CC(=Cc1ccc(C(=O)O)cc1)c1ccc2c(c1)C(C)(C)CCC2(C)C,1,train
Cc1cc(C)[n+]([I-][n+]2c(C)cc(C)cc2C)c(C)c1,1,train
CC1(C)NC(=O)N(c2ccc([N+](=O)[O-])c(C(F)(F)F)c2)C1=O,1,train
CC12CCC3C(CCC4=C(O)C(=O)CCC43C)C1CCC2=O,1,train
C[N+](C)(C)N,1,train
O=c1[nH]c2ccc(Br)cc2c(=O)o1,1,train
CC1CC2C3CC(F)C4=CC(=O)C=CC4(C)C3(F)C(O)CC2(C)C1(OC(=O)c1ccco1)C(=O)SCF,1,train
CC(=O)OCC(CCn1cnc2cnc(N)nc21)COC(C)=O,1,train
COCCCOc1cc(CC(CC(N)C(O)CC(C(=O)NCC(C)(C)C(N)=O)C(C)C)C(C)C)ccc1OC,1,train
CC(=Cc1csc(C)n1)C1CC2OC2(C)CCCC(C)C(O)C(C)C(=O)C(C)(C)C(O)CC(=O)N1,1,train
CCOP(=O)(OCC)C(C)NC(=O)N(CCCl)N=O,1,train
Nc1ccccc1NC(=O)c1ccc(CNC(=O)OCc2cccnc2)cc1,1,train
Nc1nc(Cl)nc2c1ncn2C1OC(CO)C(O)C1F,1,train
COCCOC(=O)OCCOC,1,train
Cc1c2oc3c(C)ccc(C(=O)NC4C(=O)NC(C(C)C)C(=O)N5CCCC5C(=O)N(C)CC(=O)N(C)C(C(C)C)C(=O)OC4C)c3nc-2c(C(=O)NC2C(=O)NC(C(C)C)C(=O)N3CC(O)CC3C(=O)N(C)CC(=O)N(C)C(C(C)C)C(=O)OC2C)c(N)c1=O,1,train
CN1CCN(C(c2ccccc2)c2ccc(Cl)cc2)CC1,1,train
CC12CCC(=O)C=C1CCC1C2C(O)CC2(C)C(O)CCC12,1,train
CC1CCC2C(C)C3C(CC4C5CC=C6CC(OC7OC(CO)C(OC8OC(C)C(O)C(O)C8O)C(O)C7OC7OC(C)C(O)C(O)C7O)CCC6(C)C5CCC43C)N2C1,1,train
COC(=O)C1c2cc3c(c(O)c2C(OC2OC(C)C(OC)C(C)(OC)C2OC)CC1(C)O)C(=O)c1c(O)cc2c(c1C3=O)OC1OC2(C)C(O)C(N(C)C)C1O,1,train
CC1CCC(NC(=O)N(CCCl)N=O)CC1,1,train
CN1CCC(c2c(O)cc(O)c3c(=O)cc(-c4ccccc4Cl)oc23)C(O)C1,1,train
CC(CN1CC(=O)NC(=O)C1)N1CC(=O)NC(=O)C1,1,train
CC(=O)NC(Cc1ccc(Cl)cc1)C(=O)NC(Cc1ccc(Cl)cc1)C(=O)NC(=O)C(C)NC(=O)C1CCCN1C(=O)C(CCCN=C(N)N)NC(=O)C(CC(C)C)NC(=O)C(CCCN=C(N)N)NC(=O)C(Cc1ccc(O)cc1)NC(=O)C(CO)NC(=O)C(N)Cc1c[nH]c2ccccc12,1,train
O=[N+]([O-])c1cccc2c(Br)[nH]nc12,1,train
CC(C)CC(NC(=O)C(Cc1c[nH]c2ccccc12)NC(=O)C(Cc1ccc(O)cc1)NC(=O)C(CO)NC(=O)C(Cc1c[nH]c2ccccc12)NC(=O)C(Cc1ccccc1)NC(=O)C1CCC(=O)N1)C(=O)NC(CCCN=C(N)N)C(=O)N1CCCC1C(=O)NCC(N)=O,1,train
CC(C)CC(NC(=O)CNC(=O)C(Cc1ccc(O)cc1)NC(=O)C(CO)NC(=O)C(Cc1c[nH]c2ccccc12)NC(=O)C(Cc1c[nH]cn1)NC(=O)C1CCC(=O)N1)C(=O)NC(CCCN=C(N)N)C(=O)N1CC(O)CC1C(=O)NCC(N)=O,1,train
CC(C=CC1=C(C)CCCC1(C)C)=CC=CC(C)=CC(=O)Nc1ccc(O)cc1,1,train
CCCC(=O)OC1CC(=O)N(C)c2cc(cc(OC)c2Cl)CC(C)=CC=CC(OC)C2(O)CC(OC(=O)N2)C(C)C2OC12C,1,train
CC12CCC(=O)C=C1C(O)CC1C2CCC2(C)C(O)CCC12,1,train
COc1cc2c(CCNC(C)=O)c[nH]c2cc1Cl,1,train
Cc1cc(O)cc2oc(=O)c3c(O)cc(O)cc3c12,1,train
CC(C)CC(NC(=O)C(Cc1ccccc1)NC(=O)C(Cc1ccc(O)cc1)NC(=O)C(CO)NC(=O)C1CCCN1C(=O)C(Cc1ccccc1)NC(=O)C1CCC(=O)N1)C(=O)NC(CCCN=C(N)N)C(=O)N1CCCC1C(=O)NCC(N)=O,1,train
NCCC(O)C(=O)NC1CC(N)C(OC2OC(CN)C(O)C(O)C2N)C(OC2OC(CO)C(O)C2O)C1O,1,train
CN(C)c1ccc(C=Cc2ccc3ccccc3[n+]2C)cc1,1,train
CC(C)CC(NC(=O)CNC(=O)C(Cc1ccc(O)cc1)NC(=O)C(CO)NC(=O)C(Cc1c[nH]c2ccccc12)NC(=O)C(N)Cc1c[nH]cn1)C(=O)NC(CCCN=C(N)N)C(=O)N1CCCC1C(=O)NCC(N)=O,1,train
COc1cc2c(cc1O)CCC1C2CCC2(C)C(O)CCC12,1,train
NC(=O)c1ncn(C2OC(CO)C(O)C2O)n1,1,test
CC(C)CC(NC(=O)CNC(=O)C(Cc1ccc(O)cc1)NC(=O)C(CO)NC(=O)C(Cc1c[nH]c2ccccc12)NC(=O)C(Cc1c[nH]cn1)NC(=O)C1CCC(=O)N1)C(=O)NC(CCCN=C(N)N)C(=O)N1CCCC1C(=O)NCC(=O)O,1,test
COc1cc(O)c2c(c1)C1=CC(O)C(O)CC1(C)OC2=O,1,train
CCCCCC(O)C=CC1C(=O)CC(O)C1CC=CCCCC(=O)O,1,train
CC(C)CC(NC(=O)C(CCCCN)NC(=O)C(Cc1ccc(O)cc1)NC(=O)C(CO)NC(=O)C(Cc1c[nH]c2ccccc12)NC(=O)C(Cc1c[nH]cn1)NC(=O)C1CCC(=O)N1)C(=O)NC(CCCN=C(N)N)C(=O)N1CCCC1C(=O)NCC(N)=O,1,test
NC(=O)c1ncn(C2OC(CO)C(O)C2O)c1O,1,train
[2H]c1cc2c(c([2H])c1O)CCC1C2CCC2(C)C(O)CCC12,1,test
CC(C)CC(NC(=O)C(C)NC(=O)C(Cc1ccc(O)cc1)NC(=O)C(CO)NC(=O)C(Cc1c[nH]c2ccccc12)NC(=O)C(Cc1ccccc1)NC(=O)C1CCC(=O)N1)C(=O)NC(CCCN=C(N)N)C(=O)N1CCCC1C(=O)NCC(N)=O,1,train
CCCCCN1C(=CC=Cc2oc3ccccc3[n+]2CCCCC)Oc2ccccc21,1,train
CC12C=CC(=O)NC1CCC1C2CCC2(C)C(C(=O)Nc3cc(C(F)(F)F)ccc3C(F)(F)F)CCC12,1,train
COc1cc2c(cc1OC)CC(=O)N(CCCN(C)CC1Cc3cc(OC)c(OC)cc31)CC2,1,test
CN(CCOc1ccc(NS(C)(=O)=O)cc1)CCc1ccc(NS(C)(=O)=O)cc1,1,test
Oc1ccc2c(c1)CCC(c1ccccc1)C2c1ccc(OCCN2CCCC2)cc1,1,train
CCOc1ccccc1OC(c1ccccc1)C1CNCCO1,1,train
Cc1nc(Nc2ncc(C(=O)Nc3c(C)cccc3Cl)s2)cc(N2CCN(CCO)CC2)n1,1,train
O=P(O)(O)C(O)(Cn1ccnc1)P(=O)(O)O,1,train
CC(C)(O)C(=O)Nc1ccc([N+](=O)[O-])c(C(F)(F)F)c1,1,train
C#CC1(O)CCC2C3CCC4=CC(=NO)CCC4C3CCC21CC,1,train
CS(=O)(=O)CCNCc1ccc(-c2ccc3ncnc(Nc4ccc(OCc5cccc(F)c5)c(Cl)c4)c3c2)o1,1,train
CCCCCC(C)(O)C=CC1C(O)CC(O)C1CC=CCCCC(=O)OC,1,train
COc1nc(N)nc2c1ncn2C1OC(CO)C(O)C1O,1,train
CC12CCC3c4ccc(O)cc4CC(CCCCCCCCC[S+]([O-])CCCC(F)(F)C(F)(F)F)C3C1CCC2O,1,train
Clc1ccc(Nc2nnc(Cc3ccncc3)c3ccccc23)cc1,1,train
C=C1CC2C(CCC3(C)C(=O)CCC23)C2(C)C=CC(=O)C=C12,1,test
CCc1cc2c(s1)-n1c(C)nnc1CN=C2c1ccccc1Cl,1,train
CN(C)CCOc1ccc(C(=C(CCCl)c2ccccc2)c2ccccc2)cc1,1,train
COc1cc2c(Nc3ccc(Br)cc3F)ncnc2cc1OCC1CCN(C)CC1,1,train
OCCOc1ccc(C(=C(CCCl)c2ccccc2)c2ccccc2)cc1,1,train
CC=CC(=O)Oc1c(CCCCCCCC)cc([N+](=O)[O-])cc1[N+](=O)[O-],1,train
COc1cccc2c1C(=O)c1c(O)c3c(c(O)c1C2=O)CC(O)(C(C)=O)CC3O,1,train
CCCCN(CCCC)C(=O)CN1CC(c2ccc3c(c2)OCO3)C(C(=O)O)C1c1ccc(OC)cc1,1,train
CCCCCC(O)C=CC1C=CC(=O)C1CCCCCCC(=O)O,1,train
CC(C)OC(=O)CCCC=CCC1C(O)CC(O)C1C=CC(O)COc1cccc(C(F)(F)F)c1,1,train
CC(=O)OC1(C(C)=O)CCC2C3CCC4=CC(=O)CCC4=C3C(c3ccc(N(C)C)cc3)CC21C,1,train
O=C1CN=C(c2ccccc2Cl)c2cc(Br)ccc2N1,1,test
CC(C)OC(=O)CCCC=CCC1C(O)CC(O)C1C=CC(F)(F)COc1ccccc1,1,train
C#CC1(O)CCC2C3CCC4=CC(=O)CCC4=C3C=CC21CC,1,train
O=C(NCC1CN(c2ccc(N3CCOCC3=O)cc2)C(=O)O1)c1ccc(Cl)s1,1,train
COc1cccc2c1C(=O)c1c(O)c3c(c(O)c1C2=O)CC(O)(C(=O)CO)CC3O,1,train
CC=CC1(O)CCC2C3CCC4=CC(=O)CCC4=C3C(c3ccc(N(C)C)cc3)CC21C,1,train
Cc1ccc(-c2cc(C(F)(F)F)nn2-c2ccc(S(N)(=O)=O)cc2)cc1,1,train
COc1ccc(CN2CCN(C(c3ccc(F)cc3)c3ccc(F)cc3)CC2)c(OC)c1OC,1,train
CC=C1NC(=O)C2CSSCCC=CC(CC(=O)NC(C(C)C)C(=O)N2)OC(=O)C(C(C)C)NC1=O,1,train
CCCCCCCCCCCCCCCC(=O)OC1CCC2C3CCC4=CC(=O)CCC4(C)C3CCC12C,1,train
CCN=C(NCC)NCCCCC(NC(=O)C(Cc1ccc(O)cc1)NC(=O)C(CO)NC(=O)C(Cc1cccnc1)NC(=O)C(Cc1ccc(Cl)cc1)NC(=O)C(Cc1ccc2ccccc2c1)NC(C)=O)C(=O)NC(CC(C)C)C(=O)NC(CCCCNC(=NCC)NCC)C(=O)N1CCCC1C(=O)NC(C)C(N)=O,1,train
Cn1c(C#N)ccc1-c1ccc2c(c1)C(C)(C)OC(=S)N2,1,train
CCCCCCCCCCCCCCCCCCOP(=O)(O)OC1CC[N+](C)(C)CC1,1,train
CN(Cc1cnc2nc(N)nc(N)c2n1)c1ccc(C(=O)O)cc1,1,train
COc1cccc(C)c1O,1,train
O=C(CCNc1c2ccccc2nc2ccccc12)OCCN(CCCl)CCCl,1,train
CC(C)OC(=O)CCCC=CCC1C(O)CC(O)C1C=CC(O)CCc1ccccc1,1,train
CCN(C(=O)c1c(O)c2c(Cl)cccc2n(C)c1=O)c1ccccc1,1,train
CCCCC(=O)OCC(=O)C1(O)C(C)CC2C3CCC4=CC(=O)C=CC4(C)C3(F)C(O)CC21C,1,train
CCCCCCCC(=O)CCC1C(O)CC(O)C1CC=CCCCC(=O)O,1,train
CC1=CC2=C(C=O)C(=O)C(C)(O)C(O)C2=CO1,1,train
COC(=O)C1C(OC(=O)c2ccccc2)CC2CCC1[N+]2(C)[O-],1,train
Nc1cccc2c1C(=O)N(C1CCC(=O)NC1=O)C2=O,1,train
CN(C)c1ccc(C2CC3(C)C(CCC3(O)CCCO)C3CCC4=CC(=O)CCC4=C23)cc1,1,train
COC(O)=C1C(C)=NC(C)=C(C(=O)OC(C)(C)CN(C)CCC(c2ccccc2)c2ccccc2)C1c1cccc([N+](=O)[O-])c1,1,train
CC1OC(OC2CC(O)(C(=O)CO)Cc3c(O)c4c(c(O)c32)C(=O)c2ccccc2C4=O)C(I)C(O)C1O,1,train
NC(Cc1c[nH]cn1)C(=O)NC(Cc1ccc(O)cc1)C(=O)O,1,test
COCCCOC,1,train
CS(=O)(=O)NC(=O)CBr,1,train
O=C(CC(c1ccccc1)c1c(O)c2ccccc2oc1=O)c1ccc(-c2ccc(Br)cc2)cc1,1,train
Nc1nc(O)c2c(CCc3ccc(C(=O)O)cc3)c[nH]c2n1,1,train
COC1C=COC2(C)Oc3c(C)c(O)c4c(O)c(c(C=NN5CCN(C)CC5)c(O)c4c3C2=O)NC(=O)C(C)=CC=CC(C)C(O)C(C)C(O)C(C)C(OC(C)=O)C1C,1,train
COC1C(=O)C2(C)C(OC)CC3OCC3(OC(C)=O)C2C(OC(=O)c2ccccc2)C2(O)CC(OC(=O)C(O)C(NC(=O)OC(C)(C)C)c3ccccc3)C(C)=C1C2(C)C,1,train
CC(Oc1ccc(Oc2cnc3cc(Cl)ccc3n2)cc1)C(=O)OCC1CCCO1,1,train
Cc1ccc(C(=O)Nc2ccc(Oc3cc4cnn(C)c4cc3-c3cn[nH]c3)c(F)c2)c(=O)n1-c1ccc(F)cc1,1,train
CON(C)Cc1ccc(O)c2c1CC1CC3C(N(C)C)C(=O)C(C(N)=O)=C(O)C3(O)C(=O)C1=C2O,1,train
CCC(=O)OC1(C(=O)SCF)C(C)CC2C3CC(F)C4=CC(=O)CCC4(C)C3(F)C(O)CC21C,1,train
CC(C)CCCCCCC(=O)O,1,train
CC=CC(=O)Oc1ccccc1[N+](=O)[O-],1,train
COC(=O)c1ccc2c(C(=Nc3ccc(N(C)C(=O)CN4CCN(C)CC4)cc3)c3ccccc3)c(O)[nH]c2c1,1,train
Cc1c(C(=O)c2cnn(C)c2O)ccc(S(C)(=O)=O)c1C1=NOCC1,1,train
O=C(Cn1cncn1)c1ccc(F)cc1F,1,train
CCCCCOC(=O)Nc1nc(=O)n(C2OC(C)C3OC(=O)OC32)cc1F,1,train
CC(O)(CS(=O)(=O)c1ccccc1)C(=O)Nc1ccc(C#N)c(C(F)(F)F)c1,1,train
C=C1CC2(CC)C(=O)CCC2C2CCC3=CCCCC3C12,1,train
CC(C)(Cc1ccc(Oc2ncccc2C#N)cc1)NCC(O)COc1ccccc1-c1cccs1,1,train
O=c1ccn(C2OC(CO)C(O)C2(F)F)c(=O)[nH]1,1,train
CCCCCC(O)C=CC1C(O)CC(=O)C1CCCCCCC(=O)OCC,1,train
Cn1c(CCCC(=O)O)nc2cc(N(CCO)CCO)ccc21,1,train
O=C(O)c1ccc2nc(-c3cc(Cl)cc(Cl)c3)oc2c1,1,train
CCc1ncncc1F,1,train
CCCCCCCCCCC(C)CCCCCCCC,0,train
CCCCOCCOCCO,0,train
O=C(c1ccccc1)C1(O)CCCCC1,0,train
Cc1ccc(S(C)(=O)=O)cc1[N+](=O)[O-],0,train
C=C(Cl)C(=C)Cl,0,train
CC(=O)Oc1ccc(C(C)(C)CC(C)(C)C)cc1C1C(=O)Oc2ccc(C(C)(C)CC(C)(C)C)cc21,0,train
CCCCOCCOCCOC(C)=O,0,train
c1ccc(COc2ccc3ccccc3c2)cc1,0,train
CCCCCCCCCCCCN1CCCC1=O,0,train
OCC#CCO,0,train
CCCCC(CC)COP(=O)(Oc1ccccc1)Oc1ccccc1,0,train
CSc1ccc(C(=O)C(C)(C)N2CCOCC2)cc1,0,train
Oc1ccc2ccccc2c1,0,train
ClCC1CO1,0,train
CCC(C)=CCCC(C)=CC#N,0,train
CC(C)=CCCC(C)CC#N,0,train
C=C(C)C(=O)OCCC(F)(F)C(F)(F)C(F)(F)C(F)(F)C(F)(F)C(F)(F)F,0,train
O=C(O)c1cc2ccccc2cc1O,0,train
CC(C)CCCCCCc1ccc(O)cc1,0,train
CCCCCCCCSCc1cc(C)c(O)c(CSCCCCCCCC)c1,0,train
O=S(=O)(O)OCCS(=O)(=O)c1ccc(N=Nc2c(S(=O)(=O)O)cc3cc(S(=O)(=O)O)cc(Nc4nc(Cl)nc(Nc5cccc(S(=O)(=O)O)c5)n4)c3c2O)cc1,0,train
CC(=O)Nc1ccc2c(O)c(N=Nc3ccc(S(=O)(=O)CCOS(=O)(=O)O)cc3)c(S(=O)(=O)O)cc2c1,0,train
CCN(CCC(C)C)c1ccc2c(c1)Oc1cc(C)c(Nc3ccccc3)cc1C21OC(=O)c2ccccc21,0,train
O=C(O)CCCCCN1C(=O)c2ccccc2C1=O,0,train
CC(=O)C=CC=C(C)CCC=C(C)C,0,train
CCCC(CC)COC(=O)CCc1cc(C(C)(C)C)c(O)c(C(C)(C)C)c1,0,train
C=CCCCCCCCC,0,train
BrC1CC(Br)CC(Br)CC(Br)CC(Br)CC(Br)C1,0,train
OCCOCC#CCOCCO,0,train
CCC(=O)C=CC1C(C)=CCCC1(C)C,0,train
CC(O)CN(CC(C)O)C(=O)CCCCC(=O)N(CC(C)O)CC(C)O,0,train
CCCCCCCCCCCCCCCCCCCCc1ccc(S(=O)(=O)O)cc1,0,train
CC1(C)CC(OC(=O)CCCCCCCCC(=O)OC2CC(C)(C)NC(C)(C)C2)CC(C)(C)N1,0,train
CCOC(C)(C)C,0,train
CC=NO,0,test
CC(C)=NO,0,train
C=CCOC(=O)CCC1CCCCC1,0,train
CC1(C)CNCC(C)(C)C1OC(=O)CCCCCCCCC(=O)OC1C(C)(C)CNCC1(C)C,0,train
O=C(OCc1ccccc1)c1ccccc1O,0,test
NC(=O)N=NC(N)=O,0,train
COC(=O)OC,0,train
C=CCOC(=O)CCCCCC,0,train
CCC=CCCOC(=O)c1ccccc1O,0,test
O=C1CCCCCCCCCCCCCCO1,0,train
CCCCCCOC(=O)c1ccccc1O,0,train
CC(=O)Nc1ccc2cc(S(=O)(=O)O)c(N=Nc3ccc(S(=O)(=O)CCOS(=O)(=O)O)cc3)c(O)c2c1,0,train
O=S(=O)(O)c1ccc2ccccc2c1,0,train
CCCCCCCCCC(CC)c1ccc(S(=O)(=O)O)cc1,0,train
N#CO,0,train
C#CCO,0,train
CC(C)N,0,train
Nc1c(N=Nc2ccc(S(=O)(=O)CCOS(=O)(=O)O)cc2)c(S(=O)(=O)O)cc2cc(S(=O)(=O)O)c(N=Nc3ccc(S(=O)(=O)CCOS(=O)(=O)O)cc3)c(O)c12,0,train
C1CCOC1,0,train
OCC1OC2OC3C(CO)OC(OC4C(CO)OC(OC5C(CO)OC(OC6C(CO)OC(OC7C(CO)OC(OC1C(O)C2O)C(O)C7O)C(O)C6O)C(O)C5O)C(O)C4O)C(O)C3O,0,train
C=CCOC(=O)C(C)(C)OC(=O)c1cc(-n2c(=O)cc(C(F)(F)F)n(C)c2=O)ccc1Cl,0,train
NCCCN(CCO)CCO,0,train
CCCCCCCCOC(=O)c1ccccc1C(=O)OCc1ccccc1,0,train
c1ccc2c(c1)CCCC2,0,train
CC(C)(C)OOC(C)(C)c1cccc(C(C)(C)OOC(C)(C)C)c1,0,train
CCCCCCCCCOC(=O)c1ccccc1C(=O)OCCCCCCCC,0,train
C=COCCOCCOC=C,0,train
CC1(C)C(=O)N(CO)C(=O)N1CO,0,train
C(CCOCC1CO1)COCC1CO1,0,train
Cc1ccc(Nc2ccc(Nc3ccc(C)cc3)c3c2C(=O)c2ccccc2C3=O)cc1,0,test
Clc1ccc(Cl)cc1,0,train
C=C(C)C(=O)OC1CC2CCC1(C)C2(C)C,0,train
COC(C)COC(C)CO,0,train
C1COCCO1,0,train
CCOCCCC(C)OCCOCC(C)CO,0,train
ClCCOCOCCCl,0,train
N#CNC(=N)N,0,train
CCOCC(C)O,0,train
OCCN(CCO)CCO,0,test
CCCOCC(C)O,0,train
CCCCOCC(C)OCC(C)O,0,train
CC(C)(O)c1cccc(C(C)(C)O)c1,0,train
CC(O)COc1ccccc1,0,train
CN(CCO)CCO,0,train
CCC(C)(C)OOC(C)(C)CC,0,train
c1nc[nH]n1,0,train
CC(CCN)CC(C)(C)CN,0,train
OCCNCCO,0,train
O=P(OCCCl)(OCCCl)OCC(CCl)(CCl)COP(=O)(OCCCl)OCCCl,0,train
FC(F)(F)C(Cl)Cl,0,test
CC(C)OC(C)C,0,train
O=C(CS)OCC(O)CO,0,train
CC(C)c1cc(C(C)C)c(N=C=O)c(C(C)C)c1N=C=O,0,train
CC(C)CC(=O)CC(C)C,0,test
CCCCCCCCCCCC(=O)OCC(O)CO,0,test
CCC(C)CCCC(C)CCCC(C)C,0,train
C=C(C)C(=O)OCCN(C)C,0,train
C=CC(C)CCCC(C)(C)O,0,train
C=C(C)C(=O)OCCN1CCNC1=O,0,train
C=C(C)C(=O)OCC(C)C,0,train
Cc1ccccc1OCC1CO1,0,train
CC(C)(N)CO,0,train
CC(C)(C)c1ccc(OCC2CO2)cc1,0,train
CCC(N)CO,0,train
CCCCCCCCOC(=O)c1ccccc1C(=O)OCCCCCCCC,0,train
CCCCCCCCCCCOC(=O)c1ccccc1C(=O)OCCCCCCCCCCC,0,test
CC(C)Cl,0,train
CCOC(C)(C)CC,0,train
NCCO,0,test
C=CC(=O)OCC(CC)CCCC,0,train
CCOCC(C)OC(C)=O,0,train
CCCCC(CC)CO,0,train
CCCCC(CC)CO[N+](=O)[O-],0,train
CCCCCCCCC(CO)CCCCCC,0,train
CC(C)(O)C(=O)c1ccccc1,0,train
O=C(O)CS,0,train
C=CC(=O)OCCO,0,train
C=C(C)C(=O)OC(=O)C(=C)C,0,train
C=C(C)C(=O)OCCO,0,train
Cc1c([N+](=O)[O-])cc([N+](=O)[O-])cc1[N+](=O)[O-],0,train
Cc1cc(N)ccc1N,0,train
OCCc1ccccc1,0,train
Cc1ccccc1S(N)(=O)=O,0,train
CC(O)CC(C)(C)O,0,train
CCCCCCCCCCC(CO)CCCCCCCC,0,train
CCCCC(CC)COC(=O)OOC(C)(C)CC,0,test
c1cc(OCC2CO2)cc(N(CC2CO2)CC2CO2)c1,0,train
NCCN1CCNCC1,0,train
CC(=O)C(C)C,0,train
COc1ccc(C=CC(=O)OCCC(C)C)cc1,0,train
CC(C)(c1cc(Br)c(O)c(Br)c1)c1cc(Br)c(O)c(Br)c1,0,test
c1cc(N(CC2CO2)CC2CO2)ccc1OCC1CO1,0,train
CC(C)c1nn(C(=O)NC(C)(C)C)c(=O)n1N,0,train
CCC(C)(C)c1ccc(O)cc1,0,train
C=CC(=O)OCCCCO,0,train
Cc1ccc(S(=O)(=O)N=C=O)cc1,0,train
C[N+]1([O-])CCOCC1,0,train
CC(C)(C)c1ccc(O)c(O)c1,0,train
OCC1OC2OC3C(CO)OC(OC4C(CO)OC(OC5C(CO)OC(OC6C(CO)OC(OC7C(CO)OC(OC8C(CO)OC(OC9C(CO)OC(OC1C(O)C2O)C(O)C9O)C(O)C8O)C(O)C7O)C(O)C6O)C(O)C5O)C(O)C4O)C(O)C3O,0,train
CC(C)(C)c1ccc(O)cc1,0,train
CCCCOCCOCCOCOCCOCCOCCCC,0,test
OCC1OC2OC3C(CO)OC(OC4C(CO)OC(OC5C(CO)OC(OC6C(CO)OC(OC7C(CO)OC(OC8C(CO)OC(OC1C(O)C2O)C(O)C8O)C(O)C7O)C(O)C6O)C(O)C5O)C(O)C4O)C(O)C3O,0,train
CC1=CC(=O)N=S(=O)(O)O1,0,train
Nc1nc(N)nc(-c2ccccc2)n1,0,train
CCC12COCN1COC2,0,train
CC(=O)CCC(C)C,0,train
CC1(C)COC(=O)C2CC=CCC2C(=O)OC1,0,train
C=C(C)C(=O)OCCCCCCCC(C)C,0,train
C=CCCCCCCCCCCCCCCCCCCCCCCCC,0,train
CCCCC=CCCC=CCCCCCC,0,train
C=CCCCCCCCCCCCCCCCCCCCC,0,test
C=Cc1cc(Br)ccc1Br,0,train
C1CCC2CCCCC2C1,0,train
Oc1cccc(O)c1,0,train
CCCCCCCCCC(=O)O,0,train
CCCCCCCCCCCCCCCCCCCCCC(=O)OCC(O)CO,0,train
CCc1ccccc1,0,train
CC(CC(C)(C)C)CC(C)(C)CC(C)(C)C,0,train
CCCCCCCCCCCCCCCC(=O)OCCOC(=O)CCCCCCCCCCCCCCC,0,train
C=CCCCCCCCCCCCCCC,0,train
ClC(Cl)c1ccccc1,0,train
O=C(O)CBr,0,train
CCCCN(c1nc(NCCCN(CCN(CCCNc2nc(N(CCCC)C3CC(C)(C)N(C)C(C)(C)C3)nc(N(CCCC)C3CC(C)(C)N(C)C(C)(C)C3)n2)c2nc(N(CCCC)C3CC(C)(C)N(C)C(C)(C)C3)nc(N(CCCC)C3CC(C)(C)N(C)C(C)(C)C3)n2)c2nc(N(CCCC)C3CC(C)(C)N(C)C(C)(C)C3)nc(N(CCCC)C3CC(C)(C)N(C)C(C)(C)C3)n2)nc(N(CCCC)C2CC(C)(C)N(C)C(C)(C)C2)n1)C1CC(C)(C)N(C)C(C)(C)C1,0,train
CCCCCCCCCCCCCCCCCC[N+](C)(C)C,0,train
CCCCN(C)C,0,train
c1ccc2sc(SN(C3CCCCC3)C3CCCCC3)nc2c1,0,test
CC(C)N(C)C,0,train
CCCCCCCCCCCCCCCC[N+](C)(C)C,0,train
CCCCCCCCCCCCN(CCCN)CCCN,0,test
CCCCCCCCCC[N+](C)(C)CCCCCCCCCC,0,train
CC(C)NC(C)C,0,train
CCNc1nc(NC(C)C)nc(SC)n1,0,train
CNc1ccccc1,0,train
CCN(C(C)C)C(C)C,0,train
CCCSP(=O)(OCC)Oc1ccc(Br)cc1Cl,0,train
CCCCCCC(O)CCCCCCCCCCC(=O)OCC(O)CO,0,train
C=CCCCCCCCCCCCCCCCC,0,train
CCC(C)(CCC(C)C)C(=O)OCC1CO1,0,train
C1CO1,0,train
C=CC(N)=O,0,train
C=CC(=O)OCCCO,0,test
CC(C)(C)OOC(C)(C)c1ccc(C(C)(C)OOC(C)(C)C)cc1,0,train
C=CC(=O)OC1CC2CCC1(C)C2(C)C,0,train
CC(C)C1=CC2=CCC3C(C)(C(=O)O)CCCC3(C)C2CC1,0,train
CCCN(CCC)C(=O)SCC,0,train
COCC(C)OCC(C)OC(C)CO,0,train
CC(C)C(C)(C)C(C)(C)C(C)(C)S,0,train
CC#N,0,train
C=CCOC(=O)C(=C)C,0,train
C=CC(=O)O,0,train
C=CC#N,0,train
NC(CC(=O)O)C(=O)O,0,train
C=C(C)C(=O)OCc1ccccc1,0,train
CCOC(=O)CC(NC1CCC(CC2CCC(NC(CC(=O)OCC)C(=O)OCC)C(C)C2)CC1C)C(=O)OCC,0,train
O=C(OCC1CO1)c1ccc(C(=O)OCC2CO2)cc1,0,train
CCCCCC(CCC)COC(=O)c1ccccc1C(=O)OCC(CCC)CCCCC,0,train
CCCCC(CC)COC(=O)c1ccc(C(=O)OCC(CC)CCCC)cc1,0,train
CCCC(=O)O,0,train
CCCCOC(C)=O,0,test
CCCCO,0,train
C=CC(=O)OCCCC,0,train
C=C(C)C(=O)OCCCC,0,test
Clc1ccccc1,0,train
O=C(O)C1CCC(C(=O)O)CC1,0,train
CC=CCCCCCCC,0,train
C=C(C)C(=O)OC1CCCCC1,0,train
C=C(C)C(=O)OCCCCCCCCCC,0,train
O=C(O)CSSCC(=O)O,0,train
CCCCOC(=O)c1ccc(C(=O)OCCCC)cc1,0,train
CCCCCCCCCC(=O)OOC(=O)CCCCCCCCC,0,train
CSSC,0,train
C=CC(=O)OCCCCCCCCCCCCCCCCCCCCCC,0,train
C=CCCCCCCCCCC,0,train
O=C(OOC(=O)c1ccccc1)c1ccccc1,0,train
C=C(C)C(=O)OCCCCCCCCCCCC,0,train
O=C(c1ccccc1)c1ccccc1,0,train
CCCCCCCCCCCCCCCCCC(=O)OCCOC(=O)CCCCCCCCCCCCCCCCC,0,train
CCCCC(CC)C(=O)OCCOCCOCCOC(=O)C(CC)CCCC,0,train
C=C(C)C(=O)OCC,0,test
CCCCCC(C)=O,0,train
C=CC(=O)OCC,0,train
O=CCCCC=O,0,train
C=CCCCC,0,train
CCCCCCCCCCCCCCCC,0,test
C=C(C)C(=O)OCCCCCCCCCCCCCCCC,0,train
CC=CC=CC(=O)O,0,train
CCCCCCCCCCCCCCCCCCCC,0,train
C=CC(=O)OCCCCCCCCCCCCCCCCCCCC,0,train
CI,0,train
C=CC(=O)OCC(C)C,0,train
O=C(O)c1cccc(C(=O)O)c1,0,train
CN=C=S,0,test
C=C(C)C(=O)O,0,test
C=C(C)C(=O)OC(C)CO,0,train
COC=O,0,train
C=CC(=O)OC,0,train
C=C(C)C(=O)OC,0,train
CC1CCCCC1,0,train
C=CCCCCCCC,0,train
C=CCCCCCCCCCCCCCCCCCCCCCCCCCC,0,train
CCCCCCCCCCCCCCCCCC,0,train
CCCCCCCCOC(=O)C(C)Oc1ccc(Cl)cc1C,0,train
C=CCCCCCC,0,train
C=C(C)C(=O)OCCCCCCCCCCCCCCCCCC,0,train
O=C(OCCOCCOC(=O)c1ccccc1)c1ccccc1,0,train
O=CC=O,0,train
CCCC(O)CO,0,test
CCCCCCCCCCCCCCC,0,train
C1CNCCN1,0,train
CCCCCCC(=O)OCC(COC(=O)CCCCCC)OC(=O)CCCCCC,0,train
CCCCCCCCC=CCCCCCCCC(=O)OCC(COC(=O)CCCCCCCC=CCCCCCCCC)OC(=O)CCCCCCCC=CCCCCCCCC,0,train
CCCCCCCCCCCCCCCCCC(=O)OCC(COC(=O)CCCCCCCCCCCCCCCCC)OC(=O)CCCCCCCCCCCCCCCCC,0,train
CCCOC(C)=O,0,train
O=C(CO)Oc1ccc(Cl)cc1Cl,0,train
COc1cc(OC)nc(NC(=O)N=S(=O)(O)c2ncccc2OCC(F)(F)F)n1,0,train
CCCCCCCCCCCC(=O)N(C)CC(=O)O,0,test
C=CC(=O)OC(C)(C)C,0,train
ClC(Cl)(Cl)Cl,0,train
C=C(C)C(=O)OC(C)(C)C,0,train
C=C(C)C(=O)OCCCCCCCCCCCCCC,0,train
CC=CCCCCCCCCCCC,0,train
CCCCCCCCCCCCC,0,test
CCCCOCCOP(=O)(OCCOCCCC)OCCOCCCC,0,train
CCCCCC(C)OC(=O)COc1ccc(Cl)c2cccnc12,0,train
CC1COc2ccccc2N1C(=O)C(Cl)Cl,0,train
C=CC(=O)NC(C)(C)CS(=O)(=O)O,0,train
CC(C)=CCCC(C)=CC=O,0,train
CC(C)=CCCC(C)CC=O,0,train
Cc1ccc(C(=O)OOC(=O)c2ccc(C)cc2)cc1,0,train
C=COC1CCCCC1,0,train
c1ccc(OCCOc2ccccc2)cc1,0,train
CCCCOCCOCCOCCCC,0,train
CC(c1ccccc1)c1ccccc1,0,train
O=S(=O)(c1ccccc1)c1ccccc1,0,train
CC(O)COc1ccc(C(C)(C)c2ccc(OCC(C)O)cc2)cc1,0,train
FC(F)(F)C(F)(F)C(F)(F)N(C(F)(F)C(F)(F)C(F)(F)F)C(F)(F)C(F)(F)C(F)(F)F,0,train
CC1C(C)(C)C2=C(C(=O)CCC2)C1(C)C,0,train
CCC(C)(C)OO,0,train
Cc1cccc(N)c1N,0,test
C=CCOC(=O)c1ccccc1C(=O)OCC=C,0,train
CC12CCC(CC1)C(C)(C)O2,0,train
CC(C)(N=C=O)c1cccc(C(C)(C)N=C=O)c1,0,test
NCc1cccc(CN)c1,0,test
CNC(=O)NC,0,train
CCN(C(=O)N(CC)c1ccccc1)c1ccccc1,0,train
O=C(c1ccc(Oc2ccccc2)cc1)c1ccc(C(=O)c2ccc(Oc3ccccc3)cc2)cc1,0,train
N=C(Nc1ccccc1)Nc1ccccc1,0,train
ClCCCCCCCl,0,train
Cc1cc(C)c(Nc2ccc(Nc3c(C)cc(C)cc3C)c3c2C(=O)c2ccccc2C3=O)c(C)c1,0,train
O=C1c2cccc(Sc3ccccc3)c2C(=O)c2c(Sc3ccccc3)cccc21,0,train
CCCOCC(C)OCC(C)O,0,train
CCCCC(CC)COP(=S)(S)OCC(CC)CCCC,0,train
CCCCC(CC)CN(CC(CC)CCCC)Cn1cncn1,0,train
O=[N+]([O-])c1ccc(N=Nc2c(O)ccc3ccccc23)c(Cl)c1,0,train
O=[N+]([O-])c1ccc(N=Nc2c(O)ccc3ccccc23)c([N+](=O)[O-])c1,0,train
Cc1ccc(N=Nc2c(O)ccc3ccccc23)c([N+](=O)[O-])c1,0,train
CCCCCl,0,train
O=S(=O)(c1ccc(Cl)cc1)c1ccc(Cl)cc1,0,train
Cc1cc(-c2ccc(N=C=O)c(C)c2)ccc1N=C=O,0,train
O=C=NC1CCC(CC2CCC(N=C=O)CC2)CC1,0,train
CC(C)(OO)c1ccccc1,0,train
NCCCCCCCCCCC(=O)O,0,train
OCCCOCCN(CCOCCCO)CCOCCCO,0,train
OCCN(CCO)C1CCCCC1,0,train
c1ccc2[nH]nnc2c1,0,train
CC(=O)C(N=Nc1cc(Cl)c(-c2cc(Cl)c(N=NC(C(C)=O)C(=O)Nc3ccc(C)cc3C)cc2Cl)cc1Cl)C(=O)Nc1ccc(C)cc1C,0,test
CC(=O)C(N=Nc1ccc(-c2ccc(N=NC(C(C)=O)C(=O)Nc3ccccc3)c(Cl)c2)cc1Cl)C(=O)Nc1ccccc1,0,train
CC(=O)C(N=Nc1ccc(-c2ccc(N=NC(C(C)=O)C(=O)Nc3ccc(C)cc3C)c(Cl)c2)cc1Cl)C(=O)Nc1ccc(C)cc1C,0,train
COc1ccccc1NC(=O)C(N=Nc1ccc(-c2ccc(N=NC(C(C)=O)C(=O)Nc3ccccc3OC)c(Cl)c2)cc1Cl)C(C)=O,0,train
CC(=O)C(N=Nc1ccc(-c2ccc(N=NC(C(C)=O)C(=O)Nc3ccccc3C)c(Cl)c2)cc1Cl)C(=O)Nc1ccccc1C,0,test
CC(=O)C(N=Nc1ccc(-c2ccc(N=NC(C(C)=O)C(=O)Nc3ccc(C)cc3)c(Cl)c2)cc1Cl)C(=O)Nc1ccc(C)cc1,0,train
COc1cc(NC(=O)C(N=Nc2ccc(-c3ccc(N=NC(C(C)=O)C(=O)Nc4cc(OC)c(Cl)cc4OC)c(Cl)c3)cc2Cl)C(C)=O)c(OC)cc1Cl,0,train
OCCOc1ccc(OCCO)cc1,0,train
CCOc1ccc(NC(=O)C(N=Nc2ccc(-c3ccc(N=NC(C(C)=O)C(=O)Nc4ccc(OCC)cc4)c(Cl)c3)cc2Cl)C(C)=O)cc1,0,train
CC(=O)C(N=Nc1ccccc1OCCOc1ccccc1N=NC(C(C)=O)C(=O)Nc1ccc2[nH]c(O)nc2c1)C(=O)Nc1ccc2[nH]c(O)nc2c1,0,train
CC(C)(N=NC(C)(C)C(=N)N)C(=N)N,0,train
FC(F)(F)N1C(F)(F)C(F)(F)OC(F)(F)C1(F)F,0,train
CCCCCCCCCc1cc(C)cc(Cc2cc(C)cc(CCCCCCCCC)c2O)c1O,0,train
NS(=O)(=O)c1ccc(NC(=S)Nc2ccc(F)cc2)cc1,0,train
CC(C)(C1CCCO1)C1CCCO1,0,train
CC(C)C(=O)OCC(C)(C)C(OC(=O)C(C)C)C(C)C,0,test
C=C(C)CC(C)(C)C,0,train
C1CCC2=NCCCN2CC1,0,train
Nc1ccc(N)c(S(=O)(=O)O)c1,0,train
CC(C)(C)C1=CC(=Cc2ccccc2)C=C(C(C)(C)C)C1=O,0,train
CN(C)Cc1cc(C(C)(C)C)c(O)c(C(C)(C)C)c1,0,train
O=C1c2ccc3c4ccc5c6c(ccc(c7ccc(c2c37)C(=O)N1CCc1ccccc1)c64)C(=O)N(CCc1ccccc1)C5=O,0,train
CN1C(=O)c2ccc3c4ccc5c6c(ccc(c7ccc(c2c37)C1=O)c64)C(=O)N(C)C5=O,0,train
O=C1c2ccc3c4ccc5c6c(ccc(c7ccc(c2c37)C(=O)N1c1ccc(N=Nc2ccccc2)cc1)c64)C(=O)N(c1ccc(N=Nc2ccccc2)cc1)C5=O,0,train
CN(C)CCO,0,train
CC(=O)OCCOC(C)C,0,train
CCC(C)NCCO,0,train
C=C(C)C(=O)OCCOC(=O)CC(C)=O,0,train
CC(=O)C(N=Nc1ccccc1C(=O)O)C(=O)Nc1ccc2[nH]c(O)nc2c1,0,train
C[C](C)C,0,train
COc1ccccc1N=NC(C(C)=O)C(=O)Nc1ccc2[nH]c(O)nc2c1,0,train
NC(CO)(CO)CO,0,train
CC(=O)C(N=Nc1ccc(Cl)cc1[N+](=O)[O-])C(=O)Nc1ccc2[nH]c(O)nc2c1,0,train
CC(=O)C(N=Nc1ccc([N+](=O)[O-])cc1)C(=O)Nc1ccc2[nH]c(O)nc2c1,0,train
Cc1ccc(N)c(S(=O)(=O)O)c1,0,train
CNC(=O)C(C#N)=c1[nH]c(=C2C(=O)NC(=O)NC2=O)c2ccccc12,0,train
C=C(Br)C(F)(F)F,0,train
Nc1ccccc1S(=O)(=O)O,0,train
O=C(O)COc1ccc(Cl)cc1Cl,0,train
CCCCCCCCCCCCCCCCCCO,0,train
O=C1c2ccccc2C(=O)N1SC1CCCCC1,0,train
Clc1ccccn1,0,train
CC1=CCC(C(C)(C)O)CC1,0,train
CCCCC(CC)COC(=O)c1ccccc1O,0,train
CCCCC(CC)COC(=O)CS,0,train
O=C(O)c1cc([N+](=O)[O-])ccc1O,0,train
CCCCC(C#N)c1ccccc1,0,train
CC(C)(C)O,0,train
C=CC(C)(C)O,0,train
O=C(O)CCSCCC(=O)O,0,train
CC(C)=CCCC(C)CCO,0,train
C=CC(C)(O)CCC=C(C)CC,0,train
CC(=O)OCCC(C)CCC=C(C)C,0,train
CC(C)=CCCC(C)=CCO,0,train
CC(=O)OCC=C(C)CCC=C(C)C,0,test
CN(C)CCCO,0,train
C=CC(=O)NCCC[N+](C)(C)C,0,train
CC(=O)Nc1cc(S(=O)(=O)O)cc(N)c1O,0,test
CCCCCCCCCC=CCC1CC(=O)OC1=O,0,train
CC(=CC(C)CC(C)CC(C)C)C1CC(=O)OC1=O,0,train
Cc1cc([N+](=O)[O-])ccc1N=Nc1c(O)c(C(=O)Nc2ccccc2C)cc2ccccc12,0,train
Cc1ccc([N+](=O)[O-])cc1N=Nc1c(O)c(C(=O)Nc2ccccc2)cc2ccccc12,0,train
CNS(=O)(=O)c1cc(OC)c(N=Nc2c(O)c(C(=O)Nc3ccc4[nH]c(O)nc4c3)cc3ccccc23)cc1C,0,train
COc1ccc(C(=O)Nc2ccccc2)cc1N=Nc1c(O)c(C(=O)Nc2ccc3[nH]c(O)nc3c2)cc2ccccc12,0,train
COC(C)CCO,0,train
COC(C)(C)CCO,0,train
COC(C)CCOC(C)=O,0,train
CC(=O)C(C)=CCC1CC=C(C)C1(C)C,0,test
CC1=CCC(C=CC(C)C(C)O)C1(C)C,0,train
CCCCCCC=CC1CC(=O)OC1=O,0,test
CC(=O)CC(=O)Nc1ccccc1,0,train
Cc1cccnc1,0,train
CCC(=O)OC1C=CC2C3CCC(C3)C12,0,train
CC(=O)C(N=Nc1ccccc1C(F)(F)F)C(=O)Nc1ccc2[nH]c(O)nc2c1,0,train
O=C1OC(=O)C2CC=CCC12,0,train
Cc1cc(O)c(C(C)(C)C)cc1C(C)CC(c1cc(C(C)(C)C)c(O)cc1C)c1cc(C(C)(C)C)c(O)cc1C,0,train
FC(F)(F)C(F)(F)F,0,train
CC(C)(C)c1cc(Cc2cc(C(C)(C)C)c(O)c(C(C)(C)C)c2)cc(C(C)(C)C)c1O,0,train
NNS(=O)(=O)c1ccc(Oc2ccc(S(=O)(=O)NN)cc2)cc1,0,train
Cc1cccc2[nH]nnc12,0,train
O=S(=O)(c1ccc(O)cc1)c1ccc(O)cc1,0,train
CCCC(c1cc(C(C)(C)C)c(O)cc1C)c1cc(C(C)(C)C)c(O)cc1C,0,train
CC(C)(C)CC(C)(C)c1ccc(O)cc1,0,train
COc1cc(OC)c(NC(=O)c2cc3ccccc3c(N=Nc3cc(C(=O)Nc4ccc(C(N)=O)cc4)ccc3OC)c2O)cc1Cl,0,train
O=C(Nc1ccc2[nH]c(O)nc2c1)c1cc2ccccc2c(N=Nc2cc(Cl)ccc2Cl)c1O,0,train
CC(C)(c1ccccc1)c1ccc(Nc2ccc(C(C)(C)c3ccccc3)cc2)cc1,0,train
COc1ccccc1NC(=O)c1cc2ccccc2c(N=Nc2ccc(C(N)=O)cc2)c1O,0,train
O=C(Nc1ccccc1)c1cc2ccccc2c(N=Nc2cc(Cl)ccc2Cl)c1O,0,train
O=C1OC(=O)c2c(Cl)cccc21,0,train
CCCCCCCc1ccc(O)cc1,0,train
CCOc1ccccc1NC(=O)c1cc2ccccc2c(N=Nc2ccc(C(N)=O)cc2)c1O,0,train
CCC=C(C)C(O)CCCCC,0,train
Nc1ccc(S(=O)(=O)O)cc1,0,train
Cc1ccccc1NC(=O)c1cc2ccccc2c(N=Nc2ccc(Cl)cc2[N+](=O)[O-])c1O,0,train
Nc1ccc(O)cc1,0,train
CN1CCOCC1,0,train
CNS(=O)(=O)c1cc(OC)c(N=Nc2c(O)c(C(=O)Nc3ccc4[nH]c(O)nc4c3)cc3ccccc23)cc1OC,0,train
O=C1NC(=O)C(=c2[nH]c(=C3C(=O)NC(=O)NC3=O)c3ccccc23)C(=O)N1,0,train
CC1=CC2=NC(=O)NC2=CC1=NNC1C(=O)NC(=O)NC1=O,0,train
C=CC1CC2C=CC1C2,0,train
CC(CC=O)CCCC(C)(C)O,0,train
O=C1OC(=O)c2cc(Cl)ccc21,0,train
CC(C)CCCCCOC(=O)CS,0,train
O=C1c2ccccc2C(=O)c2ccccc21,0,train
CCc1ccc(C)nc1,0,train
OCCOCC(COCCO)OCCO,0,train
CCC(C)CCCOC(=O)CCc1cc(-n2nc3ccccc3n2)c(O)c(C(C)(C)C)c1,0,train
CCCCCCCCCCCCOC(=O)c1ccccc1,0,train
C=CC(=O)OCC[N+](C)(C)Cc1ccccc1,0,train
C=CCC,0,train
CCCCCCCCCCCCCCCCCCCN,0,test
CCCCCCCCCCCCCCCCN,0,train
OCCCOCC(OCCCO)C(OCCCO)C(OCCCO)C(COCCCO)OCCCO,0,train
CCCCC(CC)COC(=O)CCCCCCCCC(=O)OCC(CC)CCCC,0,train
CC(C)c1ccccc1C(C)C,0,train
BrCBr,0,train
CCCCOC(=O)CCCCCCCCC(=O)OCCCC,0,train
Nc1ccc(S(=O)(=O)O)cc1N,0,train
C=CC[N+](C)(C)CC=C,0,train
C=CC(=O)OCCCOCC(C)(C)COCCCOC(=O)C=C,0,test
O=C(O)C(Cl)(Cl)Cl,0,test
CNCCS(=O)(=O)O,0,test
CCOC(=O)CC(C)=O,0,train
CCCCCC=CCCC(CCCCCCCC(=O)O)C(CCCCCCCC)CCCCCCCCC(=O)O,0,train
C=CC=CC=CC=CC=CC=CC=CC=CCC(=O)OC=CC=CC=CC=CC=CC=CC=CC=CCC(=O)OC=CC=CC=CC=CC=CC=CC=CC=CCC(=O)O,0,train
CCCCC(CC)C(=O)OOC(C)(C)C,0,train
CC(CC(=O)OOC(C)(C)C)CC(C)(C)C,0,train
CN(C)CCCNCCCN(C)C,0,train
S=C(SN1CCOCC1)N1CCOCC1,0,train
CCCCCCC(O)CCCCCCCCCCC(=O)NCCNC(=O)CCCCCCCCCCC(O)CCCCCC,0,test
CC[N+](CC)(CC)CC,0,train
CN(C)CCCN(C)C,0,train
C[N+](C)(C)C,0,train
O=C1CCCCCN1C(=O)NCCCCCCNC(=O)N1CCCCCC1=O,0,train
CCCCCCCCCCCCCCCCCCCCCC[N+](C)(C)C,0,train
CCN(CC)CCCN,0,train
CCCCN(CCCC)CCCC,0,train
CCCCCCCCCCCCN(C)C,0,train
CCCCCCCCCCCCCCCCN(C)C,0,train
CCCCCCCCCCN(C)C,0,train
C=CC(=O)N(C)C,0,train
CN(C)CCCN,0,train
CC(C)CCC(C)Nc1ccc(Nc2ccccc2)cc1,0,train
CCCCCCCCCCCCCCCCCCN(C)C,0,train
CCCCCCCCCCCCCCN(C)C,0,train
CC(C)CC(C)Nc1ccc(Nc2ccccc2)cc1,0,train
CC(=O)Nc1ccc(NC(=O)c2cc3ccccc3c(N=Nc3cc(C(N)=O)ccc3Cl)c2O)cc1,0,test
CC(=O)C(N=Nc1ccc(C(=O)Nc2ccc(C(N)=O)cc2)cc1)C(=O)Nc1ccc2[nH]c(O)nc2c1,0,train
COc1cc(NC(=O)c2cc3ccccc3c(N=Nc3cc(C(=O)Nc4ccccc4)ccc3OC)c2O)c(OC)cc1Cl,0,train
CCN(CC)S(=O)(=O)c1ccc(OC)c(N=Nc2c(O)c(C(=O)Nc3cc(Cl)c(OC)cc3OC)cc3ccccc23)c1,0,train
COc1ccc(C(=O)Nc2ccccc2)cc1N=Nc1c(O)c(C(=O)Nc2cc(Cl)ccc2OC)cc2ccccc12,0,train
C=C(C)C(=O)NCO,0,train
CCN(CC)CCN,0,train
COc1ccc(C(=O)Nc2ccccc2)cc1N=Nc1c(O)c(C(=O)Nc2cc(Cl)ccc2C)cc2ccccc12,0,train
CCCCCCCCCCCCCCCCCC(=O)NCCCN(C)C,0,train
CC(C)Nc1ccc(Nc2ccccc2)cc1,0,train
CCCCNS(=O)(=O)c1ccccc1,0,train
CCNCC,0,train
CNC(=S)NN,0,train
CCCCCCCCCCCC=CCC=CCCCCCCCCCCCCCCCCCCCCNCCCCCCCCCCCC=CCC=CCCCCCCCCCCCCCCCCCCCC,0,train
OCCCOCC(COCCCO)(COCCCO)COCCCO,0,train
CCCCC(CC)CCCCCC(C)CCCC(=O)O,0,train
Nc1nc(Cl)nc(Nc2cc(S(=O)(=O)O)cc3cc(S(=O)(=O)O)c(N=Nc4cc([N+](=O)[O-])ccc4O)c(O)c23)n1,0,train
Cc1ccc([N+](=O)[O-])cc1,0,train
CCCCO[P+](=O)OCCCC,0,train
CCC(C)OP(=S)(S)OC(C)CC(C)C,0,train
CC1CCC2C(=O)OC(=O)C2C1,0,train
CCC(C)(OO)OOC(C)(CC)OO,0,train
CCCCCCCCC=CCCCCCCCCO,0,train
CCCCCCCCC=CCCCCCCCC(=O)N(C)CC(=O)O,0,train
CC(C)CP(=S)(S)CC(C)C,0,train
OCC1OC(OC2(CO)OC(CO)C(O)C2O)C(O)C(O)C1O,0,train
C=CC(=O)OCC[N+](C)(C)C,0,train
C=C(C)C(=O)OCC[N+](C)(C)C,0,train
Cc1cc(C(C)(C)C)c(O)c(C)c1Cn1c(=O)n(Cc2c(C)cc(C(C)(C)C)c(O)c2C)c(=O)n(Cc2c(C)cc(C(C)(C)C)c(O)c2C)c1=O,0,train
CC(c1ccccc1)c1cc(C(=O)O)c(O)c(C(C)c2ccccc2)c1,0,train
CC(C)(C)CSSCC(C)(C)C,0,train
CCCCC(CC)COP(=S)(S)OCC(C)C,0,train
C=C=CC,0,train
Cc1cc(C)cc(N2C(=O)c3ccc4c5ccc6c7c(ccc(c8ccc(c3c48)C2=O)c75)C(=O)N(c2cc(C)cc(C)c2)C6=O)c1,0,train
CCCCN(CCCC)C(=S)S,0,train
C=CCOC(=O)CCCCC,0,train
C=CCO,0,train
C=CC=C,0,train
CCCCOC(=O)c1ccccc1N=Nc1c(O)c(C(=O)Nc2ccc3[nH]c(O)nc3c2)cc2ccccc12,0,train
OCC1CCC(CO)CC1,0,train
CC(C)CCCCCOC(=O)CCCCC(=O)OCCCCCC(C)C,0,train
CCOC(=O)C1CCC(C(=O)OCC)CC1,0,train
CCCCCCOC(=O)CCCCC(=O)OCCCCCC,0,train
COC(=O)C1CCC(C(=O)OC)CC1,0,train
CC(C)OC(=O)CCCCCCCCC(=O)OC(C)C,0,train
COC(=O)C=CC(=O)OC,0,train
CO[P+](=O)OC,0,train
COC(=O)c1ccc(C(=O)OC)c(N=NC(C(C)=O)C(=O)Nc2ccc3[nH]c(O)nc3c2)c1,0,train
C[S+](C)[O-],0,train
COC(=O)c1cc(N=NC(C(C)=O)C(=O)Nc2ccc3[nH]c(O)nc3c2)cc(C(=O)OC)c1,0,train
COP(=O)(CCC(=O)NCO)OC,0,train
CCOC(=O)C1OC1(C)c1ccccc1,0,train
C=C,0,train
O=C1OC(=O)C2CCCCC12,0,train
CCCCCCCCCCCCN,0,train
OCCCCCCO,0,train
C=CCCCCCCCCCCCCCCCCCC,0,train
S=C(SSSSSSC(=S)N1CCCCC1)N1CCCCC1,0,train
O=C1OC(=O)c2ccc3c4ccc5c6c(ccc(c7ccc1c2c73)c64)C(=O)OC5=O,0,train
CCCCCCOC1OC(CO)C(O)C(O)C1O,0,train
C=CC(=C)C,0,train
C=C(C)OC(C)=O,0,train
O=C1NC(=O)c2ccc3c4ccc5c6c(ccc(c7ccc1c2c73)c64)C(=O)NC5=O,0,train
O=C(O)C(=O)O,0,test
COC(=O)CCc1cc(C(C)(C)C)c(O)c(C(C)(C)C)c1,0,train
COC(=O)c1ccc(C(=O)Nc2cc(Cl)ccc2Cl)cc1N=Nc1c(O)c(C(=O)Nc2ccccc2OC)cc2ccccc12,0,train
C=C(C)C(N)=O,0,train
C=CCCCCCCCCC(=O)OC,0,train
C1COCCN1,0,train
CS(=O)(=O)O,0,train
Cc1ccccc1Cc1ccccc1,0,train
O=CN1CCOCC1,0,train
CCC=CCCCC,0,test
CCCCCCCCCCCCCCCCCCN,0,test
CCCCCCCCP(=O)(O)O,0,train
OCCCCCO,0,train
CCCC(C)=O,0,train
c1ccncc1,0,train
C=CC,0,test
C=C(C)CS(=O)(=O)O,0,train
COC(=O)c1cc(C(=O)OC)cc(S(=O)(=O)O)c1,0,train
CCCCCCCCCCCC(=O)OCCS(=O)(=O)O,0,test
O=C1CCC(C(=O)O)N1,0,train
CC(=O)OC(C)(C)C,0,train
CC(C)(C)OOC(=O)c1ccccc1,0,train
O=C(Nc1ccc2c(O)c(N=Nc3ccc4cccc(S(=O)(=O)O)c4c3)c(S(=O)(=O)O)cc2c1)Nc1ccc2c(S(=O)(=O)O)c(N=Nc3ccc4c(S(=O)(=O)O)cccc4c3)cc(O)c2c1,0,train
C=CCCCCCCCCCCCC,0,train
CC1C=CC=C1,0,train
CCOP(OCC)OCC,0,train
CC(C)CCCCCCCOC(=O)c1ccc(C(=O)OCCCCCCCC(C)C)c(C(=O)OCCCCCCCC(C)C)c1,0,train
Cc1cc(N=Nc2ccc(Nc3nc(N)nc(Cl)n3)c3c(S(=O)(=O)O)cccc23)c(C)cc1N=Nc1cc(S(=O)(=O)O)ccc1S(=O)(=O)O,0,train
CC(C)CC(C)OP(=S)(S)OC(C)CC(C)C,0,train
C=CCCCCCCCCC(=O)O,0,train
CC(C)CCCCCOP(=S)(S)OCCCCCC(C)C,0,train
NCCC(=O)O,0,train
CC1(C)OCC(CO)O1,0,train
CCCCCCCCC=CCCCCCCCC#N,0,train
C=CC(=O)OCC1(CC)COCOC1,0,train
CCCCCCCCCCCCCCC=C1OC(=O)C1CCCCCCCCCCCCCC,0,train
CCOCOC1CCCCCCCCCCC1,0,train
CCC=CCCO,0,train
CCCCCCCCCCCCCCCCOC(=O)OOC(=O)OCCCCCCCCCCCCCCCC,0,train
CCC(O)OCC(C)OC(O)CC,0,train
C=C(CC(C)(C)c1ccccc1)c1ccccc1,0,train
CCCCCCCCCCCCCCOC(=O)OOC(=O)OCCCCCCCCCCCCCC,0,train
CC(C)(c1ccccc1)C(C)(C)c1ccccc1,0,train
Cc1ccc(N(CC(C)O)CC(C)O)cc1,0,train
CC(O)CNCC(C)O,0,train
O=C1C=CC(=O)N1c1ccc(Cc2ccc(N3C(=O)C=CC3=O)cc2)cc1,0,train
CC(C)CCOCCC(C)C,0,train
CC(O)CN(CCCN(C)C)CC(C)O,0,train
FC(F)=C(F)OC(F)(F)F,0,train
CCCCC(CC)C(=O)OOC(C)(C)CC(C)(C)C,0,train
ClC1=C(Cl)C2(Cl)C3CCC4C(CCC3C1(Cl)C2(Cl)Cl)C1(Cl)C(Cl)=C(Cl)C4(Cl)C1(Cl)Cl,0,train
CC(C)(C)OOC1(OOC(C)(C)C)CCCCC1,0,train
CC(COC(=O)c1ccccc1)OC(=O)c1ccccc1,0,train
Cc1nccn1C,0,train
CN1CN(C)CN(C)C1,0,train
CN(C)CCCN(CCCN(C)C)CCCN(C)C,0,train
CC(C)CCCCCCCCCCCCCCC(=O)OC(CO)CO,0,train
O=c1n(CCO)c(=O)n(CCO)c(=O)n1CCO,0,train
O=C=NCc1cccc(CN=C=O)c1,0,train
O=c1occo1,0,train
CCCCCCCCCCCCCCCC(=O)OCC(O)C1OCC(O)C1O,0,train
C1CN2CCN1CC2,0,train
CCCCCCCCCCCC(=O)OCC(O)C1OCC(O)C1O,0,test
CCc1ccc(CC)cc1,0,train
CCCCCCCCC=CCCCCCCCC(=O)OCC(OC(=O)CCCCCCCC=CCCCCCCCC)C1OCC(O)C1OC(=O)CCCCCCCC=CCCCCCCCC,0,train
CN1CCN(C)CC1,0,train
O=C1NCCN1CCO,0,train
O=C=NCCCCCCN=C=O,0,train
CC1(C)CC(O)CC(C)(C)N1CCO,0,train
O=C1CCCN1CCO,0,train
CC(=O)c1ccc(O)cc1,0,train
ClCCCN1CCN(c2cccc(Cl)c2)CC1,0,train
CC(=O)c1ccc2ccccc2c1,0,train
CC(=O)c1ccc(C)cc1,0,train
CC1CC(NC(N)=O)NC(=O)N1,0,train
C=COCCCCCCCCCCCCCCCCCC,0,train
CC(O)CN(CCCN(C)C)CCCN(C)C,0,train
NCc1ccccc1,0,train
CC(O)CN(C)C,0,test
ClCc1ccccc1Cl,0,test
CC(O)CN,0,train
CC(=O)OC(C)(C)C1CC=C(C)CC1,0,train
CCN1CCNCC1,0,test
C#CC1(O)CCCCC1,0,train
CCCCCCCCCCCCCCCC(=O)OC1CC(C(=O)O)N(C(=O)CCCCCCCCCCCCCCC)C1,0,train
CN1CCNCC1,0,train
Cn1ccnc1,0,train
NCCCCCCCCCCCC(=O)O,0,train
CCC[N+](=O)[O-],0,train
CC(=O)c1ccccc1,0,train
O=C1C=CC(=O)N1c1ccccc1,0,train
CC(C)CCCCCCCCCCCCCCCOC(=O)CCCCCCCCCCCCCCC(C)C,0,train
CC(C)CCCCCCCCCCCCCCC(=O)O,0,train
FC(F)(F)C1(F)OC1(F)F,0,train
CC1(C)CC(O)CC(C)(C)N1,0,train
CCC(C)(C#N)N=NC(C)(C#N)CC,0,train
CC(C)(C)OOC(C)(C)C,0,train
CC1(C)COP(=S)(OP2(=S)OCC(C)(C)CO2)OC1,0,train
OCC(CO)(CO)CO,0,train
CC(C)(C#N)N=NC(C)(C)C#N,0,train
OCC(CBr)(CBr)CBr,0,train
Cc1ccc(C)c(O)c1C,0,train
C=CC(=O)OCC(CC)(COC(=O)C=C)COC(=O)C=C,0,train
CCCCCCCCC(=O)OCC(CC)(COC(=O)CCCCCCCC)COC(=O)CCCCCCCC,0,train
CC(C)(CO)CO,0,train
CN(C)Cc1cc(CN(C)C)c(O)c(CN(C)C)c1,0,test
CC(C)CCC(C)(O)C#CC(C)(O)CCC(C)C,0,train
CCCCC(CC)C(=O)OOC(C)(C)CCC(C)(C)OOC(=O)C(CC)CCCC,0,test
CC1=CC2C3CC(C=C3C)C2C1,0,train
CC(C)CCCC(C)CCCC(C)CCCCC(C)CCCC(C)CCCC(C)C,0,test
CC(C)CC(C)CC(O)CC(C)C,0,train
C=C(C)C(=O)OCCOCCOCCCC,0,train
CN(C)CCOCCO,0,train
CC(C)(C)CC(C)(C)c1ccc(O)c(-n2nc3ccccc3n2)c1,0,train
CCC(C)(C)c1cc(-n2nc3ccccc3n2)c(O)c(C(C)(C)CC)c1,0,train
Cc1ccc(O)c(-n2nc3ccccc3n2)c1,0,train
OCCOCCOc1ccccc1,0,train
NCCOCCO,0,train
CCCCCCCCCc1ccc(OCC(=O)O)cc1,0,train
CCNCCO,0,train
C=C(C)C(=O)OCCN(CC)CC,0,test
CCCCNCCO,0,train
CNCCO,0,train
CCCCN(CCO)CCCC,0,train
CCCCCCCC(=O)NCC(=O)O,0,train
CCC(N)(CO)CO,0,train
C=C(C)C(=O)OCCNC(C)(C)C,0,test
CCCCCCCCCCCCCCCCCCOC(=O)C=CC(=O)OCCCCCCCCCCCCCCCCCC,0,test
CCCCCCCCCCCCCCCCCOC(=O)C=CC(=O)OCCCCCCCCCCCCCCCCC,0,train
CCCCCCCCCCCCCCCOC(=O)C=CC(=O)OCCCCCCCCCCCCCCC,0,train
CCCCCCCCOC(=O)C=CC(=O)OCCCCCCCC,0,train
Cc1ccc(Cl)cc1N=Nc1c(O)c(C(=O)Nc2cc(C)c(NC(=O)c3cc4ccccc4c(N=Nc4cc(Cl)ccc4C)c3O)cc2C)cc2ccccc12,0,train
CCCC(C)=NO,0,test
C=CC(=O)OC1C=CC2C3CCC(C3)C12,0,train
COc1ccccc1NC(=O)C(N=Nc1ccc(Cl)cc1[N+](=O)[O-])C(C)=O,0,train
CC(=O)C(N=Nc1ccc(Cl)cc1[N+](=O)[O-])C(=O)Nc1ccccc1Cl,0,train
COc1ccc(N=NC(C(C)=O)C(=O)Nc2ccccc2OC)c([N+](=O)[O-])c1,0,train
O=S(=O)(O)c1ccccc1N=C1C=CC(=C(c2ccc(Nc3ccccc3)cc2)c2ccc(Nc3ccccc3)cc2)C=C1,0,train
CC(=O)C(N=Nc1ccc(C)cc1[N+](=O)[O-])C(=O)Nc1ccccc1,0,train
N#CCN(CC#N)CC#N,0,train
C=C(C)C(=O)OCCOCCOCCOCC,0,train
CC(C)(c1ccc(OCCO)cc1)c1ccc(OCCO)cc1,0,train
NC(CO)CO,0,test
Cc1ccc(C(=O)OCCCl)cc1N=Nc1c(O)c(C(=O)Nc2cc(C)c(NC(=O)c3cc4ccccc4c(N=Nc4c(C)cccc4C(=O)OCCCl)c3O)cc2C)cc2ccccc12,0,train
CCC(CO)(CO)CO,0,train
CCc1ccc2c(c1)C(=O)c1ccccc1C2=O,0,train
CCCCC(CC)CNCC(CC)CCCC,0,test
CCCCC(CC)CN,0,train
C=COCC(C)C,0,test
CCC(C)(C)O,0,train
CC=C(C)C,0,train
Cc1ccc([N+](=O)[O-])cc1S(=O)(=O)O,0,train
C=C(CC(=O)O)C(=O)O,0,train
CC(CN)CCCN,0,train
C=C(C)CC,0,train
CCC(C)CO,0,train
Nc1ccccc1[N+](=O)[O-],0,test
CCCCCCCCCCCCCC(=O)OCC(CCCCCCCC)CCCCCCCCCC,0,train
C=CC(=O)OCCOc1ccccc1,0,train
C=C(C)C,0,train
CC(C)(C)S,0,train
CCCCCC(CO)CCC,0,train
CC(=O)OC1CCCCC1C(C)(C)C,0,train
C=CC(=O)OC(C)COCC(C)OCC(C)OC(=O)C=C,0,train
CN(C)CCCN1CN(CCCN(C)C)CN(CCCN(C)C)C1,0,train
CC1(C2CCC3C4=CC=C5CC6(CCC5(C)C4CCC32C)OCCO6)OCCO1,0,train
CC(=O)C(N=Nc1cc(C(=O)Nc2cc(Cl)ccc2C)ccc1Cl)C(=O)Nc1cc(Cl)c(NC(=O)C(N=Nc2cc(C(=O)Nc3cc(Cl)ccc3C)ccc2Cl)C(C)=O)cc1Cl,0,train
Cc1cc(C)c(O)c(C(C)(C)C)c1,0,train
CC(=O)C(N=Nc1cc(C(=O)Nc2cc(Cl)ccc2C)ccc1Cl)C(=O)Nc1cc(C)c(NC(=O)C(N=Nc2cc(C(=O)Nc3cc(Cl)ccc3C)ccc2Cl)C(C)=O)cc1C,0,test
NCCCOCCCCOCCCN,0,train
NCCCOCCOCCOCCCN,0,train
CC(=O)C(N=Nc1cc(C(=O)Nc2cc(C(F)(F)F)ccc2Oc2ccc(Cl)cc2)ccc1Cl)C(=O)Nc1cc(Cl)c(NC(=O)C(N=Nc2cc(C(=O)Nc3cc(C(F)(F)F)ccc3Oc3ccc(Cl)cc3)ccc2Cl)C(C)=O)cc1C,0,train
CC1CC(OC(=O)c2ccccc2O)CC(C)(C)C1,0,train
CC(=O)C(N=Nc1cc(C(=O)Nc2cccc(Cl)c2C)ccc1Cl)C(=O)Nc1cc(Cl)c(NC(=O)C(N=Nc2cc(C(=O)Nc3cccc(Cl)c3C)ccc2Cl)C(C)=O)cc1C,0,test
Cc1ccc(C=O)cc1C,0,train
CCN(CC)c1ccc(C=C(C#N)C(=O)OCCC[N+](C)(C)CCOC(=O)C(C#N)=Cc2ccc(N(CC)CC)cc2)cc1,0,train
CC(=O)OCCC(C)CC(C)(C)C,0,train
COC(C)(C)CCOC(C)=O,0,train
CCCCC(CC)C(=O)OCC(COC(=O)C(CC)CCCC)(COC(=O)C(CC)CCCC)COC(=O)C(CC)CCCC,0,train
O=C(CCS)OCC(COC(=O)CCS)(COC(=O)CCS)COC(=O)CCS,0,test
CC(C)C(=O)OCC(C)(C)C(O)C(C)C,0,test
Cc1nn2c(O)c3ccccc3nc2c1N=Nc1ccc(Cl)cc1[N+](=O)[O-],0,train
CC(C)(CO)COC(=O)C(C)(C)CO,0,train
CC(C=O)(CO)CO,0,train
C=Cn1cc[n+](C)c1,0,train
COCCCN,0,train
CC(C)CCO,0,train
CC(=O)OCCC(C)C,0,train
O=S(=O)(O)CCC[n+]1ccccc1,0,test
Cc1cccc(N)c1,0,train
CC1(C)CCCC2(C)C1CCC1(C)OCCC12,0,train
O=C(O)CCS,0,train
O=c1c2cc(Br)c3cccc4c(=O)c5cc(Br)c6cccc1c6c5-c2c34,0,test
Cc1nn(-c2ccccc2)c(O)c1N=Nc1ccc(-c2ccc(N=Nc3c(C)nn(-c4ccccc4)c3O)c(Cl)c2)cc1Cl,0,train
CC1=NN(c2ccc(C)cc2)C(=O)C1N=Nc1ccc(-c2ccc(N=NC3C(=O)N(c4ccc(C)cc4)N=C3C)c(Cl)c2)cc1Cl,0,train
C1CN(CCOCCN2CCOCC2)CCO1,0,test
Nc1ccc(Cc2ccc(N)c(Cl)c2)cc1Cl,0,train
Nc1ccc(-c2ccc(N)c3c2C(=O)c2ccccc2C3=O)c2c1C(=O)c1ccccc1C2=O,0,train
CC(C)(C)CC(C)(C)c1ccc(Nc2ccc(C(C)(C)CC(C)(C)C)cc2)cc1,0,test
O=C1c2c(Cl)c(Cl)c(Cl)c(Cl)c2C(=O)C1c1ccc2cccc(N3C(=O)c4c(Cl)c(Cl)c(Cl)c(Cl)c4C3=O)c2n1,0,train
CC(C)(c1ccccc1)c1ccc(O)cc1,0,train
NC1CCC(CC2CCC(N)CC2)CC1,0,train
C=COCCCCO,0,train
Cc1cc(C2(c3ccc(O)c(C)c3)CCCCC2)ccc1O,0,train
CC(C)(C1CCC(O)CC1)C1CCC(O)CC1,0,train
C[N+](C)=CCC(O)CC(N)=O,0,train
CCCCOC(=O)C=CC(=O)O,0,train
O=[N+]([O-])c1cc(S(=O)(=O)Nc2ccccc2)ccc1Nc1ccccc1,0,train
Nc1ccc(F)cc1,0,train
CC(=O)Nc1ccc(S(=O)(=O)Cl)cc1,0,train
CC(=O)CC(C)(C)O,0,train
CC1C=CCC2C(=O)OC(=O)C12,0,train
COc1ccc(O)cc1,0,train
Cc1ccc(S(=O)(=O)Cl)cc1,0,train
CC1=CCC(=C(C)C)CC1,0,train
CC(=O)C=C(C)C,0,train
CC(=O)CCc1ccccc1,0,train
O=C1c2ccccc2C(=O)c2c1ccc1nc3c(ccc4c(O)c5ccccc5c(O)c43)nc21,0,train
CC1CCC2=C(C1)C(=O)OC2=O,0,test
CN(CCCCCC(=O)O)S(=O)(=O)c1ccccc1,0,test
Cc1ccc(S(=O)(=O)NCCCCCC(=O)O)cc1,0,train
CCCCCCCCC=CCCCCCCCC(=O)OCCCCCCCC(C)C,0,train
CC(COCCCO)OP(OCCOCCO)OCCOC(C)(C)C(C)(C)O,0,train
CCCCCCCCCCCCCCO,0,train
CCCCCCCCCCCCO,0,train
CCC=CCCCCCCC,0,test
COC(=O)c1c(Cl)c(Cl)c(Cl)c(Cl)c1C#N,0,train
c1ccc(Nc2ccccc2)cc1,0,train
OCCCCO,0,test
CC(C)CCCCCCCOC(=O)CCCCCCCC(=O)OCCCCCCCC(C)C,0,train
CCOC(=O)C(C)CC,0,train
O=C(O)CN(CCN(CC(=O)O)CC(=O)O)CC(=O)O,0,train
CC1CCC(C(C)C)CC1,0,train
C1=CCCCC1,0,train
CCCCCCCCCCCCOCCO,0,train
CCCCCCOP(=O)(O)O,0,train
CCCCCCCCCCCCc1ccccc1S(=O)(=O)O,0,train
C=CC=CC=CC=CC=CC=CC=CC(=O)O,0,train
CCCCCCCCCCCCCCCCC(=O)O,0,train
CCCCCCCCCCCCCCCCCC(=O)OCCCCCCCCCCCCCC,0,train
CCCCCCCCCCCCCCCCCCC(=O)O,0,test
CCCCCCCCC(=O)O,0,train
CC(C)CCCCCCCCCCCCCCCO,0,train
CCCCCCCCCCCCCCCCCC(=O)OC(CO)COC(=O)CCCCCCCCCCCCCCC,0,train
CCCCCCCCCCCCC(=O)OCC(O)CO,0,test
CCCCCCCO,0,train
CC1CC(CC2CCC(N)C(C)C2)CCC1N,0,train
CC(C)(C)OO,0,train
C=CCCCC(C)C,0,train
CC(C)CCCCCCCCCCO,0,train
Cc1cc(S(=O)(=O)O)c(N=Nc2c(O)c(C(=O)O)cc3ccccc23)cc1Cl,0,train
CCCCCCCCC=CCCCCCCCC(=O)OC(O)CCOCCC(O)O,0,train
CN(C)CCCNCCCN,0,train
CC(C)C(NC(N)=O)NC(N)=O,0,train
O=C(Nc1cccc2c(NC(=O)c3cc4ccccc4c(N=Nc4cccc(Cl)c4Cl)c3O)cccc12)c1cc2ccccc2c(N=Nc2cccc(Cl)c2Cl)c1O,0,train
O=C(Nc1cc(Cl)c(NC(=O)c2cc3ccccc3c(N=Nc3cc(Cl)ccc3Cl)c2O)cc1Cl)c1cc2ccccc2c(N=Nc2cc(Cl)ccc2Cl)c1O,0,train
O=C(Nc1cc(Cl)c(NC(=O)c2cc3ccccc3c(N=Nc3cc(C(F)(F)F)ccc3Cl)c2O)cc1Cl)c1cc2ccccc2c(N=Nc2cc(C(F)(F)F)ccc2Cl)c1O,0,train
O=C(Nc1ccc(NC(=O)c2cc3ccccc3c(N=Nc3cc(Cl)ccc3Cl)c2O)c(Cl)c1)c1cc2ccccc2c(N=Nc2cc(Cl)ccc2Cl)c1O,0,test
CN(C)CCCCCCN(C)C,0,train
O=C(N=NNc1cc(Cl)c(-c2ccc(-c3cc(Cl)c(NN=NC(=O)c4cc5ccccc5cc4O)cc3Cl)cc2)cc1Cl)c1cc2ccccc2cc1O,0,train
CCN(C)C,0,test
CC(=O)CC(=O)N(C)C,0,train
CCN(CC)CC,0,train
CN(C)C1CCCCC1,0,train
CCCN(C)C,0,train
CCCN(CCC)CCC,0,train
C=CC(=O)NC(C)(C)CC(C)(C)C,0,train
CC(C)(C)N(Sc1nc2ccccc2s1)Sc1nc2ccccc2s1,0,train
CCCCC(CC)CNC1(N=Nc2ccc(N=Nc3ccccc3C)cc2C)C=CCc2ccccc21,0,train
CC(C)(C)NSc1nc2ccccc2s1,0,train
CCCCCCCCC=CCCCCCCCC(=O)NCC(C)O,0,test
CN(CCCN)CCCN,0,train
NCCCNCCCN,0,train
COc1cc(NS(=O)(=O)c2ccc(C)cc2)c2c(c1N)C(=O)c1ccccc1C2=O,0,train
CC(C)(C)CC(C)(C)N(c1ccccc1)c1cccc2ccccc12,0,train
COc1cc(NC(=O)C(N=Nc2cc(OC)c(S(=O)(=O)Nc3ccccc3)cc2OC)C(C)=O)c(OC)cc1Cl,0,train
CN(C)CCN(C)CCN(C)C,0,test
COc1cc([N+](=O)[O-])ccc1N=NC(C(C)=O)C(=O)Nc1cc(Cl)ccc1OC,0,train
C=C(C)C(=O)NCCCN(C)C,0,train
CCCCCCCCCCCC(=O)NCCC[N+](C)(C)CC(O)CS(=O)(=O)O,0,train
CCN(CCOC(C)OCC(C)C)c1ccc(N=Nc2ccccc2)cc1,0,train
CCCCNCCCC,0,train
CCCNCC,0,train
C=C(C)C(=O)NC(C)C,0,train
NCCCNCCNCCCN,0,train
CCCCCCCCCCCCCCCCC#N,0,train
C=CCCCCCCCCC,0,train
CC=CCCC=CCCC=CCCC=CCCCCC=CCCC=CC,0,train
CC=CC=CC,0,train
CCC=CCC,0,test
Cc1ccccc1OP(=S)(S)Oc1ccccc1C,0,test
OC1CCCCCCCCCCC1,0,train
CCNC(=S)OC(C)C,0,train
NC(N)=O,0,train
CC(C)CC(C)OP(=S)(S)OC(C)C,0,train
C=CC(=O)OCCCOCC(COCCCOC(=O)C=C)OCCCOC(=O)C=C,0,train
CC(C)COP(=S)(S)OCC(C)C,0,train
CC(O)COC(C)CO,0,train
CCCCCOC(=O)CC,0,test
C=CC(=O)OCCOCC(CC)(COCCOC(=O)C=C)COCCOC(=O)C=C,0,test
C=CC(C)(O)CCC=C(C)CCC=C(C)C,0,train
CC(C)(C)CCCCCC(=O)OOC(C)(C)C,0,train
CCOP(=S)(S)OCC,0,train
CCCCCCCCCCCCCCCCCC(=O)OCC(O)C1OCC(O)C1O,0,train
CCCCCCCCCCCCCCCCCC(=O)OCC(OC(=O)CCCCCCCCCCCCCCCCC)C1OCC(O)C1OC(=O)CCCCCCCCCCCCCCCCC,0,train
C=COC(=O)CCCCCCCCCCC,0,train
CCC=CCCOC(C)=O,0,train
C=CC(=O)OCC(CC)(COCC(CC)(COC(=O)C=C)COC(=O)C=C)COC(=O)C=C,0,train
C=CCOC(=O)CC(C)=O,0,train
CCC(C)O,0,train
CC(C)O,0,train
N=C(N)N,0,train
N=C(N)S(=O)O,0,train
C1CCCNCC1,0,train
CC(CC(C)(C)C)CP(=O)(O)CC(C)CC(C)(C)C,0,train
O=C(O)CCCCCCCC(=O)O,0,train
CCCCOCCOC(=O)CCCCC(=O)OCCOCCCC,0,train
CCCCC(CC)COC(=O)C=CC(=O)OCC(CC)CCCC,0,train
CCCCC(CC)COC(=O)CCCCCCCC(=O)OCC(CC)CCCC,0,train
CC(C)COC(=O)C1CCCCC1C(=O)OCC(C)C,0,train
CC=CC,0,test
C=C(C)C(=O)OCCC(C)OC(=O)C(=C)C,0,train
C=CC(=O)OCC(O)COCCCCOCC(O)COC(=O)C=C,0,train
C=C(C)C(=O)OCCCCOC(=O)C(=C)C,0,train
Cc1ccc(N=Nc2c(O)c(C(=O)O)cc3ccccc23)c(S(=O)(=O)O)c1,0,train
CC(=O)C(N=Nc1ccc(S(=O)(=O)O)cc1[N+](=O)[O-])C(=O)Nc1ccccc1Cl,0,train
Cc1ccccc1NC(=O)CC(=O)CN=Nc1ccc(S(=O)(=O)O)cc1[N+](=O)[O-],0,train
NNC(=O)NN,0,train
C1=CCCCCCC1,0,train
c1ccc(C2CCCCC2)cc1,0,train
NCC1CCCC(CN)C1,0,train
C=CCOC(=O)OCCOCCOC(=O)OCC=C,0,train
CCCCCCCCC=CCCCCCCCC(=O)OCCCCCCCCCC,0,train
OC1CCCCC1,0,train
CCCCOC(=O)C=CC(=O)OCCCC,0,train
CCCCCCCCCCCCOC(=O)C=CC(=O)OCCCCCCCCCCCC,0,train
CCOC(=O)C1=NN(c2ccccc2)C(=O)C1N=Nc1ccc(-c2ccc(N=NC3C(=O)N(c4ccccc4)N=C3C(=O)OCC)c(Cl)c2)cc1Cl,0,train
CCc1ccccc1CC,0,train
CC(C)OC(=O)CCCCC(=O)OC(C)C,0,test
CC(C)CCCCCCCCCCOC(=O)CCCCC(=O)OCCCCCCCCCCC(C)C,0,test
COC(=O)CC(=O)OC,0,train
COC(=O)c1ccc2cc(C(=O)OC)ccc2c1,0,train
CCCCCCCCCCCCCCCCCCP(=O)(OC)OC,0,train
COC(=O)CCCCCCCCC(=O)OC,0,train
CCCCCCCCCCCCCC[N+](C)(C)[O-],0,train
CCCCCCCCC=CCCCCCCCCNC(=O)CC(C(=O)O)S(=O)(=O)O,0,test
Nc1ccc(N=Nc2ccc(N=Nc3c(S(=O)(=O)O)cc4cc(S(=O)(=O)O)c(N=Nc5ccc(N=Nc6ccc(N)cc6N)cc5)c(O)c4c3N)cc2)c(N)c1,0,train
CCCCCCCCCCCCCCOC(=O)C=CC(=O)OCCCCCCCCCCCCCC,0,train
CCCCCCCCCCCCCCCCCCCCCCOC(=O)CCCCCCCCCCCCCCCCCCCCC,0,train
CCCCCCCCCCCCS,0,test
CCCCCCCCCCCCCCCCCCCCCC(=O)O,0,train
CCCCCCCCCCCC#N,0,train
C=C(C)C(=O)OCCOCCOCCOC(=O)C(=C)C,0,test
CCS,0,train
CCCCCCCCC=CCCCCCCCC(=O)OCCCCCCCCCCCC,0,train
C=CC(=O)OCCCCCCCCCCCC,0,train
CCCCCCCCCCCC[N+](C)(C)[O-],0,train
CC,0,train
CCOC(=O)CC1(C)OCCO1,0,train
C=COCC,0,train
CCOC(=O)c1ccc(O)cc1,0,train
CCCC(C)C(=O)OCC,0,train
O=CC(=O)O,0,train
CC(O)C#CC(C)O,0,test
C=CC(=O)OCCCCCCCCCCCCCCCC,0,train
CCCCCCN,0,train
C=CC(=O)OCCCCCCOC(=O)C=C,0,train
CCCCCCCCCCCCCCCCCCCC(=O)O,0,test
CCCCCC(=O)O,0,train
CC(C)CCCCCOC(=O)CCS,0,train
C=C(C)c1ccccc1,0,train
C,0,train
C=COC,0,train
C=C(C)C#N,0,train
COC(=O)CC(C)=O,0,test
COC(=O)C=Cc1ccccc1,0,train
CCCCCCCCCC(=O)OC,0,train
CCCCCC(=O)OC,0,train
CCCCCCCCCCCCCC(=O)OC,0,test
CCCCCCCCCCCC(=O)OC,0,test
CCCCCCCC(=O)OC,0,train
CCCCCCCCCCCCCCCC(=O)OC,0,train
CCCCN(CCCC)C(=S)SCSC(=S)N(CCCC)CCCC,0,train
C[N+](=O)[O-],0,train
CCCCCCCCCCCCCCCCCC(=O)OC,0,train
CCCCCCCCC=CCCCCCCCCOC(=O)CCCCCCC=CCCCCCCCCC,0,train
NCCNCCNCCNCCNCCN,0,train
CCCCCCCCC=CCCCCCCCCCCCC(=O)OCCCCCCCCC=CCCCCCCCC,0,test
CC[N+](=O)[O-],0,train
CCCCCCCCS,0,train
C=CC(=O)OCCCCCCCCCCCCCCCCCC,0,train
CCCCCCCCN,0,train
CCC=CC#N,0,train
O=C1CCCO1,0,train
CCCCCCCCCCCCCCCC(=O)O,0,train
CCCCCO,0,train
C=CC(=O)OC(C)COCC(C)OC(=O)C=C,0,train
CCCN,0,train
O=C(O)C(F)(F)F,0,train
CC(=O)OCC(COC(C)=O)OC(C)=O,0,train
CC(CC(=O)OCC(COC(=O)CC(C)CC(C)(C)C)OC(=O)CC(C)CC(C)(C)C)CC(C)(C)C,0,train
OCCCO,0,train
CC(C)S,0,train
CCCOC(=O)c1ccc(O)cc1,0,train
Oc1ccccc1O,0,test
C1CCNC1,0,train
O=C(O)C(O)C(O)C(O)C(O)C(O)CO,0,train
CCCCCCCCCCCCN(CCC(=O)O)CCC(=O)O,0,train
Cc1cc(Nc2cc(S(=O)(=O)O)c(N)c3c2C(=O)c2ccccc2C3=O)cc(S(=O)(=O)NCCO)c1C,0,train
CC(C)Cc1cc2ccccc2c(S(=O)(=O)O)c1CC(C)C,0,test
CN(C1CCCCC1)S(=O)(=O)c1ccccc1N=Nc1c(N)ccc2cc(S(=O)(=O)O)cc(O)c12,0,train
O=S(=O)(O)c1ccc(Nc2nc(Cl)nc(Cl)n2)cc1,0,test
C=CS(=O)(=O)O,0,train
O=C(O)c1ccc[n+](Cc2ccccc2)c1,0,train
CS,0,train
C=CCS(=O)(=O)O,0,train
CCCCCCCCCCCCCCCCCC(=O)OCC(O)CO,0,train
Cc1cc(N=Nc2c(O)c(C(=O)O)cc3ccccc23)c(S(=O)(=O)O)cc1Cl,0,train
Cc1cc(N=Nc2c(O)ccc3ccccc23)c(S(=O)(=O)O)cc1Cl,0,train
Cc1c(Cl)cc(N=Nc2c(O)c(C(=O)O)cc3ccccc23)cc1S(=O)(=O)O,0,train
CC(C)C(=O)OOC(C)(C)C,0,train
CC(C)(C)OOC(=O)C(C)(C)C,0,train
CC(C)(C)OOC(C)(C)c1ccccc1,0,train
CCCCCCCCC=CCCCCCCCC(=O)OCCCCCCCCCCCCCC,0,train
CCCCCCCCCCCCCCOC(=O)CCCCCCCCCCCCC,0,train
C=CC(=O)OCCCCCCCCCCCCCC,0,train
CC12CCCC=C1C(=O)OC2=O,0,train
COC(=O)c1ccc(C(=O)OC)c(N=NC(C(C)=O)C(=O)Nc2ccc(NC(=O)C(N=Nc3cc(C(=O)OC)ccc3C(=O)OC)C(C)=O)cc2)c1,0,test
O=C1CCCCO1,0,train
CC(O)(P(=O)(O)O)P(=O)(O)O,0,train
Cc1ccc(C(C)C)c(O)c1,0,train
O=C(O)CCCCCCCCCCCC(=O)O,0,train
OCC1CC2CC1C1CCC(CO)C21,0,train
C=C(C)C(=O)NCCC[N+](C)(C)C,0,test
CCCCCCCCOC(=O)c1ccc(C(=O)OCCCCCCCC)c(C(=O)OCCCCCCCC)c1,0,train
CCCCCCCCCCC=O,0,train
C=COC(=O)CCCCCC(C)(C)C,0,train
CCCCOP(=S)(S)OCCCC,0,train
CCOC(=O)C1=NN(c2ccc(Cl)cc2Cl)C(C)(C(=O)OCC)C1,0,train
Nc1cccc(N)c1,0,train
Nc1nc(N)c2nc3c(N)nc(N)nc3nc2n1,0,train
Cc1ccc(C(=O)OC(C)C)cc1N=Nc1c(O)c(C(=O)Nc2cc(Cl)c(NC(=O)c3cc4ccccc4c(N=Nc4cc(C(=O)OC(C)C)ccc4C)c3O)cc2Cl)cc2ccccc12,0,train
CCCCCCCCCCCCCCCC(=O)OC/C=C(C)/C=C/C=C(C)/C=C/C1=C(C)CCCC1(C)C,1,train
CCCCCCCCCCCCCCCCCCCCCCO,1,train
CC1=C(/C=C/C(C)=C/C=C/C(C)=C/C=C/C=C(C)/C=C/C=C(C)/C=C/C2=C(C)CCCC2(C)C)C(C)(C)CCC1,1,train
CCN(CC)C(=S)SSC(=S)N(CC)CC,1,train
O=C(OC[C@H]1O[C@@H](OC(=O)c2cc(O)c(O)c(OC(=O)c3cc(O)c(O)c(O)c3)c2)[C@H](OC(=O)c2cc(O)c(O)c(OC(=O)c3cc(O)c(O)c(O)c3)c2)[C@@H](OC(=O)c2cc(O)c(O)c(OC(=O)c3cc(O)c(O)c(O)c3)c2)[C@@H]1OC(=O)c1cc(O)c(O)c(OC(=O)c2cc(O)c(O)c(O)c2)c1)c1cc(O)c(O)c(OC(=O)c2cc(O)c(O)c(O)c2)c1,1,train
CCNc1nc(Cl)nc(NC(C)C)n1,1,train
Cc1cc(C(C)(C)C)c(O)c(C(C)(C)C)c1,1,train
O=C1CCCCCN1,1,train
Clc1ccccc1Cl,1,train
NCCNCCNCCN,1,train
CCN(CC)C(=O)c1cccc(C)c1,1,train
c1ccc(-c2ccccc2)cc1,1,train
CCBr,1,test
BrCCBr,1,train
NC(Cc1ccccc1)C(=O)O,1,train
C=C(Cl)Cl,1,train
COc1ccccc1O,1,train
CN(C)C(=S)SSC(=S)N(C)C,1,train
O=C1O[C@H]([C@@H](O)CO)C(O)=C1O,1,train
OC[C@H]1O[C@@H](O[C@H]2[C@H](O)[C@@H](O)[C@H](O)O[C@@H]2CO)[C@H](O)[C@@H](O)[C@H]1O,1,train
Nc1ccc(C(=O)O)cc1,0,train
CC(O)C(=O)O,1,train
CC(O)CO,1,train
O=C(O)c1ccc([N+](=O)[O-])cc1,1,test
NC(N)=S,1,train
COP(=O)(OC)OC=C(Cl)Cl,0,train
ClC(Cl)(Cl)C(Cl)(Cl)Cl,1,train
CCl,1,train
C=CCl,1,train
S=C=S,1,train
FC(F)(Cl)C(F)(Cl)Cl,1,train
ClC1=C(Cl)C(Cl)(Cl)C(Cl)=C1Cl,1,train
NC(=O)CCl,1,train
FC(F)=C(F)Cl,1,train
CC(=O)c1c(C)c([N+](=O)[O-])c(C(C)(C)C)c([N+](=O)[O-])c1C,1,train
O=[N+]([O-])c1c(Cl)c(Cl)c(Cl)c(Cl)c1Cl,1,train
CCOC(=O)c1ccccc1C(=O)OCC,1,train
O=C1OC(=O)c2ccccc21,1,train
Cc1ccccc1[N+](=O)[O-],1,train
CC(C=O)c1ccccc1,1,train
C=CCc1ccc2c(c1)OCO2,1,train
O=[N+]([O-])c1ccc(Cl)cc1,1,train
Nc1ccc([N+](=O)[O-])cc1,1,train
CC(C)c1ccc(C(C)C)cc1,1,train
CCN(CC)CCO,1,train
C=CCOCC1CO1,1,train
C[Si](C)(C)O[Si](C)(C)C,1,train
CC(=O)OOC(C)(C)C,1,train
CC(O)CCO,1,train
NC1CCCCC1,1,test
O=C1CCCCC1,1,train
CCCCS,1,train
CN(C)CCN(C)C,0,train
CCCCCC,1,train
C1CCNCC1,0,train
CCCCCCO,1,train
ClCCOCCCl,0,test
CCCCOCCOC(C)=O,0,train
CC1(C)C(=O)N(Cl)C(=O)N1Cl,0,train
Cc1occc(=O)c1O,1,train
Cc1cc(Cc2cc(C)cc(C(C)(C)C)c2O)c(O)c(C(C)(C)C)c1,1,test
CCCCCCCCCCCC(=O)N(CCO)CCO,1,train
Oc1ccc(Cl)cc1Cl,1,train
OCCOc1ccccc1,1,train
CCCCC(C=O)CC,1,train
CCCCCCCCCCCCOC(=O)CCSCCC(=O)OCCCCCCCCCCCC,0,train
CCCCCCCCCCCCCCCCCC(=O)OCCCC,1,train
Cc1cc(C)c(O)c(C)c1,1,train
CCCCCCCC(=O)OCC(COC(=O)CCCCCCC)OC(=O)CCCCCCC,1,train
C[Si]1(C)O[Si](C)(C)O[Si](C)(C)O[Si](C)(C)O1,1,train
Oc1cc(Cl)ccc1Cl,1,train
Cc1cccc([N+](=O)[O-])c1[N+](=O)[O-],1,train
Cc1c([N+](=O)[O-])cccc1[N+](=O)[O-],1,train
Cc1ccc([N+](=O)[O-])c([N+](=O)[O-])c1,1,test
CCc1ccc(C)cc1,1,train
Clc1ccc(Cl)c(Cl)c1Cl,1,train
C=CC(=O)NCO,1,test
CCCCOP(=O)(OCCCC)Oc1ccccc1,1,train
CN(C)CCOCCN(C)C,1,train
C=C(C)C1CC=C(C)C(=O)C1,1,train
O=C1c2ccccc2C(=O)C1c1ccc2ccccc2n1,1,train
O=Cc1cccc(Oc2ccccc2)c1,1,test
Cc1ccccc1C,1,train
[OH-].c1ccc([Sn+](c2ccccc2)c2ccccc2)cc1,1,train
O=c1[nH]c2ccccc2c(=O)o1,1,train
Cc1c(C(=O)O)c(O)cc2c1C(=O)c1c(O)c([C@@H]3O[C@H](CO)[C@@H](O)[C@H](O)[C@H]3O)c(O)c(O)c1C2=O,1,train
N[C@@H](Cc1ccc(O)cc1)C(=O)O,1,train
O=C=Nc1ccc(Cc2ccc(N=C=O)cc2)cc1,1,train
Cc1cccc(O)c1,1,test
O=c1[nH]c(=O)c2[nH]c(=O)[nH]c2[nH]1,1,train
O=C([O-])c1ccccc1.[Na+],1,train
CC(=O)[O-].CC(=O)[O-].[Co+2],1,train
CCCCCCCCCCCCCCCCCC(=O)OC[C@@H](O)[C@H]1OC[C@H](O)[C@H]1O,1,train
C/C=C/C=O,1,train
C=C(C=O)CC,1,train
CC1=C(/C=C/C(C)=C/C=C/C(C)=C/C=C/C=C(C)/C=C/C=C(\C)C=O)C(C)(C)CCC1,1,test
Cc1c(C(=O)O)c(O)cc2c1C(=O)c1c(O)c(C3OC(CO)C(O)C(O)C3O)c(O)c(O)c1C2=O,1,train
FC(F)(Cl)Cl,1,train
CC(C)C[C@H](N)C(=O)O,1,train
N[C@@H](Cc1ccccc1)C(=O)O,1,train
CSCC[C@H](N)C(=O)O,1,test
C/C=C/c1ccc(OC)c(OC)c1,1,train
CCCC(=O)CCC,1,train
